sample,class,DEGHDPVHESPVDTA,DPVHESPVDT,DPVHESPVDTA,ELDQLLHY,FNPYFDPL,GRGREPGAYPALDSRQE,LDEGHDPV,LDEGHDPVHESPV,LLDEGHDPVHESPVD,LLDEGHDPVHESPVDT,LLDEGHDPVHESPVDTA,NPYFDPLQWKNSDFE,PVHESPVDTA,Q(-17.03)KIAEKFSQ,Q(-17.03)KIAEKFSQR(-.98),SEES(+79.97)QEKEY,PESAFSE,AGTQESVDSAKP,AGTQESVDSAKPRVY,EGFFRLT,ESVDSAKPRVY,GTQESVDSAKPRVY,LVQLAGTQESVDSAKPRVY,SVDSAKPRVY,TQESVDSAKPRVY,VQLAGTQESVDSAKP,VQLAGTQESVDSAKPR,VQLAGTQESVDSAKPRV,VQLAGTQESVDSAKPRVY,AEAFPLEF,AEEETAGGDGRPEPSP,AEEETAGGDGRPEPSPR,AEEETAGGDGRPEPSPRE(-.98),EAFPLEF,EEETAGGDGRPEPSPRE(-.98),EETAGGDGRPEPSPRE(-.98),ELEGEQPD,FMTSEKSQTP,GPYRVEHF,GPYRVEHFRWGNPPKD,KYVMGHF,KYVMGHFRWD,R(+42.01)PVKVYPNVAENESAEAFPLEF,RAEEETAGGDGRPEPSPRE(-.98),RPVKVYPNVAENE,RPVKVYPNVAENES(+79.97)AEAFPLE,RPVKVYPNVAENES(+79.97)AEAFPLEF,RPVKVYPNVAENESAEAFPLE,RPVKVYPNVAENESAEAFPLEF,RRPVKVYPNVAENESAEAFPLEF,S(+42.01)MEHFRWGKPV(-.98),S(+42.01)YSMEHF,S(+42.01)YSMEHFRWGKPV(-.98),SAEAFPLEF,SMEHFRWGKPV(-.98),SYSMEHF,SYSMEHFRWGKPV(-.98),TPLVTLF,TPLVTLFKNAIIKN,Y(+42.01)GGFM(+15.99)TSEKSQTPLVTLF,Y(+42.01)GGFMTSEK,Y(+42.01)GGFMTSEKSQ,Y(+42.01)GGFMTSEKSQTP,Y(+42.01)GGFMTSEKSQTPL,Y(+42.01)GGFMTSEKSQTPLV,Y(+42.01)GGFMTSEKSQTPLVT,Y(+42.01)GGFMTSEKSQTPLVTL,Y(+42.01)GGFMTSEKSQTPLVTLF,Y(+42.01)GGFMTSEKSQTPLVTLFKNAIIK,Y(+42.01)GGFMTSEKSQTPLVTLFKNAIIKN,Y(+42.01)SMEHFRWGKPV(-.98),YGGFMTSEKSQTPLVT,YGGFMTSEKSQTPLVTL,YGGFMTSEKSQTPLVTLF,YGGFMTSEKSQTPLVTLFKNAIIKN,LPGLLLF,LPHLPGLLLF,TPLPELFDRVVML,F(+42.01)PAMPLSSLFANAVLRAQHLH,FPAM(+15.99)PLSSLFANAVLR,FPAM(+15.99)PLSSLFANAVLRAQH,FPAM(+15.99)PLSSLFANAVLRAQHLH,FPAMPLS,FPAMPLSS,FPAMPLSSL,FPAMPLSSLF,FPAMPLSSLFA,FPAMPLSSLFAN,FPAMPLSSLFANA,FPAMPLSSLFANAVLR,FPAMPLSSLFANAVLRA,FPAMPLSSLFANAVLRAQ,FPAMPLSSLFANAVLRAQH,FPAMPLSSLFANAVLRAQHLH,FPAMPLSSLFANAVLRAQHLHQ,FPAMPLSSLFANAVLRAQHLHQL,FPAMPLSSLFANAVLRAQHLHQLA,FPAMPLSSLFANAVLRAQHLHQLAAD,GPVQFLSRIF,PVQFLSRIF,SPRIGQILK,SPRIGQILKQ,TDMELLRF,ASLDKFLASVSTVLTSKYR,FLASVSTVLTSKYR,SLDKFLA,SLDKFLASVSTVLTSKYR,SVSTVLTSKYR,TPAMHASLDKFLASVSTVLTSKYR,VHLTDAEKAAVN,VHLTDAEKAAVNG,AAFQKVVAGVASALAHKYH,AFQKVVAGVASALAHKYH,AQAAFQKVVAGVASALAHKYH,ASALAHKYH,GVASALAHKYH,QAAFQKVVAGVASALAHKYH,VHLTDAEKA,GPNLVARSKEALA,AKVAVLGA,SNRVVDLMAYMASKE,VKVGVNGF,VKVGVNGFGRIG,PHFLYPK,SQENPNTYSEDLDV,YGGFLRKYP,YGGFLRKYPK,YGGFLRRI,YGGFLRRQFKVVT,MDQLAKELT,MDQLAKELTAE,WSRMDQLAKELT,WSRMDQLAKELTAE,NQEQAEQGREHL,Q(-17.03)ELGKLTGPSNQ,YEENSRENPF,YKVNEYQGPVAPSGGFFLFRPRN(-.98),Q(-17.03)EPGAPAAGM,Q(-17.03)EPGAPAAGM(+15.99),A(+42.01)AYKLVLIRH,A(+42.01)AYKLVLIRHGE,SVNPYLQ(-.98),SVNPYLQGKRLDNVV,SVNPYLQGKRLDNVVA,SVPHFSEEEKEPE,VPHFSEEEKEPE,IKMALQQEGFD,PMFIVNTNVPRA,TAYAIYMLAMAAFPKKQN,SAVISLEGKPL,FPKPEGSQD,FPKPEGSQDKSLHN,SLKPEFVDIINAKQ,GRTLYGFGG,RTLYGFGG,TLYGFGG,MQIFVKTL,LLRALASSNARAQQ,AVDQDLGPEVPPENVL(-.98),LENSSPQAPA,LENSSPQAPARRLLPP,SLSAASAPLAETSTPL,SLSAASAPLAETSTPLRL,SSEPEAAPAPRRL
sample,class,DEGHDPVHESPVDTA,DPVHESPVDT,DPVHESPVDTA,ELDQLLHY,FNPYFDPL,GRGREPGAYPALDSRQE,LDEGHDPV,LDEGHDPVHESPV,LLDEGHDPVHESPVD,LLDEGHDPVHESPVDT,LLDEGHDPVHESPVDTA,NPYFDPLQWKNSDFE,PVHESPVDTA,Q(-17.03)KIAEKFSQ,Q(-17.03)KIAEKFSQR(-.98),SEES(+79.97)QEKEY,PESAFSE,AGTQESVDSAKP,AGTQESVDSAKPRVY,EGFFRLT,ESVDSAKPRVY,GTQESVDSAKPRVY,LVQLAGTQESVDSAKPRVY,SVDSAKPRVY,TQESVDSAKPRVY,VQLAGTQESVDSAKP,VQLAGTQESVDSAKPR,VQLAGTQESVDSAKPRV,VQLAGTQESVDSAKPRVY,AEAFPLEF,AEEETAGGDGRPEPSP,AEEETAGGDGRPEPSPR,AEEETAGGDGRPEPSPRE(-.98),EAFPLEF,EEETAGGDGRPEPSPRE(-.98),EETAGGDGRPEPSPRE(-.98),ELEGEQPD,FMTSEKSQTP,GPYRVEHF,GPYRVEHFRWGNPPKD,KYVMGHF,KYVMGHFRWD,R(+42.01)PVKVYPNVAENESAEAFPLEF,RAEEETAGGDGRPEPSPRE(-.98),RPVKVYPNVAENE,RPVKVYPNVAENES(+79.97)AEAFPLE,RPVKVYPNVAENES(+79.97)AEAFPLEF,RPVKVYPNVAENESAEAFPLE,RPVKVYPNVAENESAEAFPLEF,RRPVKVYPNVAENESAEAFPLEF,S(+42.01)MEHFRWGKPV(-.98),S(+42.01)YSMEHF,S(+42.01)YSMEHFRWGKPV(-.98),SAEAFPLEF,SMEHFRWGKPV(-.98),SYSMEHF,SYSMEHFRWGKPV(-.98),TPLVTLF,TPLVTLFKNAIIKN,Y(+42.01)GGFM(+15.99)TSEKSQTPLVTLF,Y(+42.01)GGFMTSEK,Y(+42.01)GGFMTSEKSQ,Y(+42.01)GGFMTSEKSQTP,Y(+42.01)GGFMTSEKSQTPL,Y(+42.01)GGFMTSEKSQTPLV,Y(+42.01)GGFMTSEKSQTPLVT,Y(+42.01)GGFMTSEKSQTPLVTL,Y(+42.01)GGFMTSEKSQTPLVTLF,Y(+42.01)GGFMTSEKSQTPLVTLFKNAIIK,Y(+42.01)GGFMTSEKSQTPLVTLFKNAIIKN,Y(+42.01)SMEHFRWGKPV(-.98),YGGFMTSEKSQTPLVT,YGGFMTSEKSQTPLVTL,YGGFMTSEKSQTPLVTLF,YGGFMTSEKSQTPLVTLFKNAIIKN,LPGLLLF,LPHLPGLLLF,TPLPELFDRVVML,F(+42.01)PAMPLSSLFANAVLRAQHLH,FPAM(+15.99)PLSSLFANAVLR,FPAM(+15.99)PLSSLFANAVLRAQH,FPAM(+15.99)PLSSLFANAVLRAQHLH,FPAMPLS,FPAMPLSS,FPAMPLSSL,FPAMPLSSLF,FPAMPLSSLFA,FPAMPLSSLFAN,FPAMPLSSLFANA,FPAMPLSSLFANAVLR,FPAMPLSSLFANAVLRA,FPAMPLSSLFANAVLRAQ,FPAMPLSSLFANAVLRAQH,FPAMPLSSLFANAVLRAQHLH,FPAMPLSSLFANAVLRAQHLHQ,FPAMPLSSLFANAVLRAQHLHQL,FPAMPLSSLFANAVLRAQHLHQLA,FPAMPLSSLFANAVLRAQHLHQLAAD,GPVQFLSRIF,PVQFLSRIF,SPRIGQILK,SPRIGQILKQ,TDMELLRF,ASLDKFLASVSTVLTSKYR,FLASVSTVLTSKYR,SLDKFLA,SLDKFLASVSTVLTSKYR,SVSTVLTSKYR,TPAMHASLDKFLASVSTVLTSKYR,VHLTDAEKAAVN,VHLTDAEKAAVNG,AAFQKVVAGVASALAHKYH,AFQKVVAGVASALAHKYH,AQAAFQKVVAGVASALAHKYH,ASALAHKYH,GVASALAHKYH,QAAFQKVVAGVASALAHKYH,VHLTDAEKA,GPNLVARSKEALA,AKVAVLGA,SNRVVDLMAYMASKE,VKVGVNGF,VKVGVNGFGRIG,PHFLYPK,SQENPNTYSEDLDV,YGGFLRKYP,YGGFLRKYPK,YGGFLRRI,YGGFLRRQFKVVT,MDQLAKELT,MDQLAKELTAE,WSRMDQLAKELT,WSRMDQLAKELTAE,NQEQAEQGREHL,Q(-17.03)ELGKLTGPSNQ,YEENSRENPF,YKVNEYQGPVAPSGGFFLFRPRN(-.98),Q(-17.03)EPGAPAAGM,Q(-17.03)EPGAPAAGM(+15.99),A(+42.01)AYKLVLIRH,A(+42.01)AYKLVLIRHGE,SVNPYLQ(-.98),SVNPYLQGKRLDNVV,SVNPYLQGKRLDNVVA,SVPHFSEEEKEPE,VPHFSEEEKEPE,IKMALQQEGFD,PMFIVNTNVPRA,TAYAIYMLAMAAFPKKQN,SAVISLEGKPL,FPKPEGSQD,FPKPEGSQDKSLHN,SLKPEFVDIINAKQ,GRTLYGFGG,RTLYGFGG,TLYGFGG,MQIFVKTL,LLRALASSNARAQQ,AVDQDLGPEVPPENVL(-.98),LENSSPQAPA,LENSSPQAPARRLLPP,SLSAASAPLAETSTPL,SLSAASAPLAETSTPLRL,SSEPEAAPAPRRL
Pituitary_08,Iso,1885.761439,732.632943,1249.11371,702.2577771,1012.099543,1326.019814,1352.231163,1547.043813,1741.156535,1292.946106,1821.251836,2315.831412,2300.77852,648.7620359,1247.046669,1304.504775,1211.693767,560.4400757,786.6546927,1230.137725,1444.952516,1673.215116,1331.963605,1106.898314,1468.789328,1170.899475,97.70818505,784.5790123,1134.432457,1788.870332,1092.61332,1574.169549,1258.600091,1639.895741,1328.228101,964.4474249,2141.117298,1196.065188,2525.234643,2482.621648,1451.656959,1928.288995,997.4778795,692.5791312,2171.581416,2840.072708,2421.65156,2641.971561,1919.485341,1717.410185,2414.13426,1672.585362,1332.191723,1573.703242,1302.152328,995.7979516,1313.791444,1143.776441,2347.033269,19802.06447,1851.142087,3048.31112,2359.582318,1890.552353,1679.597414,2238.299146,2526.138657,20249.90114,4449.281896,3606.536122,2570.547806,862.4441812,2217.206424,1166.778451,801.6935605,2617.555077,2610.741476,121.4062506,3421.375872,3255.230064,1666.554224,1490.887141,1068.346414,1204.806429,1286.875335,1475.881108,1839.576499,1972.016985,1846.012498,2054.906625,3843.25391,7348.762185,1572.947967,1677.800073,1851.476978,3097.720807,3894.362318,3851.110122,1270.058801,803.8418575,1333.280893,810.0275828,325.3435657,1786.918006,913.4171099,468.6970708,1425.269131,812.2816747,1256.509606,1345.420343,1366.087158,1345.396391,1072.012871,1394.796256,556.1728169,1046.27394,1505.43318,774.1353393,1144.108392,3120.025851,1297.476453,927.9235391,1225.555612,1893.336456,3023.446676,1149.715167,1278.020371,1216.627939,1638.173593,1582.350101,952.3925113,881.2569813,1730.994846,1456.984494,1552.064692,1548.719869,1397.22892,1353.919537,1793.173261,1130.68695,962.9464551,861.0863479,1136.717174,1458.175353,1621.806266,556.9006003,1769.577251,1238.393918,1550.995596,1178.973844,1243.740423,974.1177025,1312.437701,1165.196536,1190.571382,397.8479676,1409.970797,1778.788561,1376.391778,715.9376279,1196.833935,1213.505542,1821.941133,2330.208696
Pituitary_02,SP,315.3773441,1028.533701,269.6404114,365.8358577,1174.484838,741.4886306,445.8309829,650.389848,1090.158765,727.8394889,1012.714026,1580.155657,803.919083,490.2576748,874.1552634,708.6198777,695.0324656,346.088493,611.950983,1958.841011,1526.062117,1786.492728,2794.061586,1451.941429,2134.572726,1262.734728,1510.035587,666.8921605,1379.158814,1346.432173,387.9278484,415.5279954,436.8082669,1585.594557,374.464308,472.6528601,536.0279669,302.8208781,841.744881,1404.5517,948.6784074,795.059455,487.0765437,252.5221497,596.4858826,856.2189641,748.2631226,1240.748125,883.6397275,1108.891011,1504.700121,1502.937418,1406.055818,780.5366,1957.45626,760.6201375,655.4890929,863.0951058,697.1385946,460.4603766,461.1617129,1634.304617,530.9060215,890.1350663,891.0558573,933.9004644,807.8641448,2665.548211,1023.521781,1356.664289,922.7607508,306.2421757,972.8803919,1300.65371,997.8001392,4001.950873,3267.214187,79.41162948,6605.728717,3768.282628,5319.674331,3990.758508,2456.149355,4512.918996,3741.313059,3700.397561,7621.102637,6183.681832,5559.256029,6900.328473,6126.926524,5184.638518,6056.503254,6386.090244,6709.003658,9842.511925,11711.30697,7418.121956,1661.258348,797.8430377,1533.70874,521.3970648,163.6429577,12163.95992,7313.508616,296.4034435,7373.788212,3570.768436,6597.504262,2252.116661,1443.412847,5271.507678,4811.875953,1365.801586,984.815561,1910.916238,5878.358132,2927.567654,2577.057263,2028.016803,2845.500083,1271.061931,2786.096426,754.6865594,1419.139325,1539.134821,1032.006662,1423.713545,2539.653737,807.3876542,1370.807631,1085.023323,1118.351883,1001.488306,1648.230084,684.6272382,1780.624686,1097.450198,1071.982071,2798.730073,1709.870702,1133.243173,1764.988204,1204.223466,496.6781691,815.570278,1376.337862,2167.189356,1580.398356,1891.170288,592.0136169,435.55716,4436.934274,2251.58751,1582.373005,746.7547761,3661.184676,756.7936786,1652.640491,788.133019,1366.38541,1061.817349,939.3980169,1475.798841
Pituitary_19,SP,5940.481944,4014.588519,6305.0354,4251.803611,4748.810106,2609.084062,3832.479129,7679.632188,3756.191751,2871.534795,4351.94824,9217.401918,2357.863815,2219.187855,3823.920559,3776.03652,911.1186805,678.1659565,1062.526534,1031.648477,1054.138225,1253.623045,1436.036243,1239.032496,1357.928807,1101.311232,925.3616627,878.6167426,949.4922158,316.2812307,1358.012885,403.2728497,1097.590243,267.4348878,1740.493023,1856.817118,362.9933945,376.2465298,1364.336558,934.047314,969.8595494,54.52180965,602.0587811,502.0774741,1434.443126,208.5560271,86.98168074,274.1326487,80.09351059,749.299864,79.7062059,82.01350764,90.83698735,53.36996304,209.8241817,1612.302217,409.3325492,33.05752503,1011.013418,77.23412983,885.3767674,1096.427273,354.3482777,829.4066689,272.7392971,93.92870083,297.6503663,135.1794671,629.4436236,425.1726889,58.47335428,1468.562625,7864.574131,494.9394228,761.2405285,401.8999569,816.1083279,3408.896189,609.2966427,796.78193,270.2873302,642.1378171,455.5926552,1467.811138,1912.922779,571.2236469,2953.333698,2488.176426,1932.001679,385.5305737,34.04889589,27.25107838,96.07448076,78.663194,79.76640942,55.57606748,51.7718104,26.70494277,1907.341999,1488.468267,1191.904899,14.06008978,1480.32277,584.0003815,1214.083034,55.31439134,13.83642218,407.543066,469.4161622,1293.857442,778.7936399,951.1778002,1046.834483,844.9371517,499.3659642,625.6862146,1188.106793,411.7268163,1011.272568,423.501994,978.6350589,1549.052861,569.3044518,146.1770357,1127.038047,94.81249831,1201.740241,951.811788,1314.244139,1131.090389,1700.307656,776.5336983,1835.487637,1303.351832,1551.211501,3862.473257,514.8560592,2418.922681,3223.657141,1219.999344,249.9176956,2804.909537,2418.594028,3443.210179,4128.477683,8720.079493,373.0157756,467.74943,654.2423099,632.0591733,4528.229135,4774.318291,694.9875512,1530.615895,1434.019198,236.9990886,1007.041979,174.3051996,2155.244805,1293.031115,2234.103382,2831.812521,3076.574902,501.0694785
Pituitary_29,SP,135.529119,645.3079323,314.6986967,1571.678378,649.8371725,371.7051267,777.0478059,771.7960022,884.2068633,357.5665932,389.2119747,1017.251348,309.8906728,1054.502744,300.7102085,299.3199681,973.4967985,129.7239831,234.1769814,2342.027092,1418.083608,1771.391616,536.5264562,1302.987221,2709.873078,528.399152,926.3052216,102.296904,415.8791527,954.2968168,259.1627643,408.115646,310.4378375,4713.948284,320.9533005,116.7731654,1213.849911,510.544158,1497.507786,988.7564332,921.2254833,368.6417812,423.0527764,187.2453639,2018.033688,1252.717329,924.7526058,1425.489773,1056.552693,1200.954521,569.3300421,1162.262431,365.9067378,5639.804605,931.1474728,682.0462667,188.4427284,5427.354855,3444.727159,3509.710236,5191.134141,7793.506817,947.5755997,494.7415177,1155.6886,635.0525371,1022.653493,6224.542903,552.6407321,668.2726131,498.777712,78.50380855,424.6870031,879.9662229,998.4241004,1510.02874,1103.802642,27361.48209,4294.379322,2086.809817,2324.553194,655.7635378,2901.083275,2456.21622,2628.114628,4350.770782,5493.701244,5281.310408,4362.926869,5487.011899,6855.482394,13396.53853,3938.618985,3425.187045,3465.177137,6295.073033,7356.316223,13588.79831,4627.03294,2745.175032,3644.612857,3218.901583,2063.40614,2140.156973,1946.572935,2295.791994,2221.622716,1522.588188,282.4691471,1575.289711,1600.486929,1736.024726,294.1172781,1120.063978,1836.863748,1719.276903,1915.714498,752.8718926,3558.181257,6615.65245,7229.278308,3558.790587,2407.785782,741.2376598,1727.474881,387.5345805,429.2760396,420.5699477,149.2021562,1354.122297,1113.97314,961.422674,1145.87616,1002.085261,1039.333961,343.6946542,1045.66692,652.6301294,945.2702969,2749.843921,3667.103055,354.3043625,981.9183651,965.5780334,874.505125,660.386508,10242.89287,7004.943155,4673.159356,2839.54942,519.7172075,385.2006803,6800.949608,2165.077834,3344.26119,3292.077372,4114.373846,918.0838342,1352.760037,281.796455,92.6554483,730.790328,331.2227448,1395.836404
Pituitary_04,No,1015.499388,1365.032083,788.2288995,818.7706671,3131.57849,732.1203602,1438.508028,769.8641503,861.4507011,763.6545057,511.182896,7296.730418,1539.948734,794.7428724,1204.484457,2126.929102,905.0314389,476.1344511,547.83079,1202.321337,1134.975681,1532.819484,1078.460265,2846.659473,1210.40514,781.4342951,601.6338918,738.2091138,380.0297499,768.2544864,783.9636451,929.6682809,870.8167352,3306.0716,1254.368707,887.1950749,1396.149684,1366.811733,1161.204494,813.0299904,1108.342002,14.93974983,130.7357743,332.3198208,1617.298505,594.7786421,1824.000119,249.301245,469.8078084,1267.452064,344.4289643,452.2955091,333.9578932,3141.84022,776.713014,434.4840114,46.68993646,2203.48835,876.0679459,15004.76037,1104.432525,1504.858666,928.299789,947.6413082,1172.459122,498.6180459,1939.835819,42098.55075,512.5445488,899.1506729,267.7455308,148.5860795,1251.266788,831.8420049,1014.755187,10970.50396,2848.271539,1788.809352,3059.935118,4642.372858,979.7854284,1823.662308,4733.379713,1971.938419,3700.314426,7425.967273,14966.94705,12561.48207,9503.901527,4787.350491,4507.948792,10485.70871,1568.320748,263.9361399,390.2516906,154.13812,264.351522,551.329016,2804.105007,3956.887182,5379.92761,4366.043596,3609.534561,2473.69094,556.8146441,3716.926388,98.81217332,808.8277844,1843.042719,1769.737691,1395.182377,1879.325146,298.3948672,919.1674583,1191.863973,1186.734697,475.0703376,1326.642425,836.112732,9009.343487,779.4842413,1610.510439,738.4681026,226.9640803,3333.815935,435.0136891,436.08731,340.5957497,952.8939239,1289.608808,1110.026327,1622.702341,1165.711169,2290.976426,1289.861601,1067.442002,1040.574027,869.3217552,804.2835973,627.4308832,762.7176543,1164.296699,721.6108294,767.0003418,601.1603838,921.9265755,47.05449199,1521.113137,2225.384567,2565.913554,2130.133781,711.1909505,1620.317361,1302.605116,2272.537232,2177.596888,746.433521,841.1196503,2797.913511,1522.044706,760.7245466,1936.978961,1832.427131,3032.326132
Pituitary_11,SP,302.0235248,518.5349148,413.452943,204.8281351,663.5225711,282.7306881,251.3567746,165.10025,1125.710563,332.3107503,441.6620222,3488.783624,31.41495418,182.7908606,173.734394,445.1178488,322.1197424,327.7289079,556.2017189,172.2984707,403.6071038,386.6178106,696.1702454,109.0749719,327.3917674,599.8333674,475.8377144,289.8593765,480.1451142,315.1813278,831.5392753,820.295542,502.0447787,573.9386537,639.8803932,53.00772818,13.78734096,590.7247969,193.5744104,31.79927024,359.1548128,276.5754078,837.2038546,300.8575893,164.7577711,1105.572337,2931.428763,495.1874045,892.2038196,1054.705786,129.5166767,1018.880744,206.1499476,207.115724,374.0425868,386.9127693,114.9290744,230.2265414,101.2103341,35699.05812,107.8822496,180.5353424,1586.335082,2499.089468,2767.479653,2190.986354,4615.770051,193727.8441,5225.944419,5438.98005,329.3557927,230.089676,1062.551141,2236.730724,605.0263371,516.6417643,300.8810481,79.42313522,3454.520748,2551.533174,2551.611413,2055.778376,336.3058757,686.6080847,1416.388297,766.407444,4108.850558,3732.960208,42.37255845,2529.969921,816.3648559,4408.004937,1298.073387,1659.620947,1747.15192,3108.169783,3203.825511,1810.869288,337.0593219,212.2235536,327.4778267,19.5889225,48.77816225,1889.452376,801.8130875,25.91703015,1653.391811,333.4720139,2096.514575,466.4424923,189.4420865,381.9460117,382.8719529,480.923404,203.751984,264.1153913,638.3757662,25.33716219,228.9608283,197.7493874,557.9641471,473.2422982,155.8988217,339.0928422,2650.692355,397.4971081,167.4739059,352.311574,474.9191888,79.28444286,525.6043486,166.2280447,612.7907655,84.44304136,197.454841,157.1327668,181.7562195,381.90204,601.2278521,483.3604766,100.7140686,395.5911565,442.6688281,473.4469061,330.3977469,506.0517566,521.6238092,348.8592807,383.3020241,345.5368161,355.0222968,310.1048829,204.4520619,367.882713,283.735687,185.6250125,510.7176723,456.0759432,857.7210271,401.9945825,226.4752467,958.9633543,903.0306367,80.22229893
Pituitary_34,Iso,2999.269892,1767.176031,1671.11423,548.807824,3182.123281,1629.167226,1600.404039,3103.026779,2442.299841,2184.316894,2658.658639,3609.368836,1980.502685,1228.999414,2323.722676,2065.632015,2035.242081,361.6174812,1293.351971,734.5474366,918.2738805,1598.229644,3033.970017,626.4713177,731.1436511,714.1240054,1686.012932,850.5116536,1074.236669,1306.43286,1814.738433,1987.171746,2117.710582,365.7458359,2185.708083,1668.512822,2210.190965,3802.769555,1405.697414,1841.602312,2115.455026,2047.600249,6554.489123,3182.644582,1624.759861,4294.878463,3364.163485,4440.03578,2581.965924,1825.960876,1088.479091,1148.146214,1785.519239,349.4245382,2918.272688,696.6441903,1870.575775,454.3187497,386.9298949,13620.17264,317.5830747,1113.042134,4262.031733,3482.943099,3216.746912,2639.033111,4981.167221,38131.39398,4654.123336,4614.81093,2864.625803,610.3488615,1905.49614,2839.186831,466.1262371,372.6660972,896.2225355,426.2665534,4992.888038,247.8049087,1429.329323,209.1227916,250.41095,536.8247311,397.5944424,183.6426709,333.2088711,476.9593711,3350.728651,335.011055,141.8516863,742.1479888,245.4783678,314.2334446,505.4752083,554.2673455,473.2692747,475.8517451,503.1991662,378.416899,55.99582225,31.97756188,126.2405608,3221.64358,2558.287619,8.224895367,2026.851636,76.66810494,2518.327599,192.4186419,180.417344,25.42779304,885.5343198,678.1115224,713.9183905,115.248247,1118.338623,476.2825862,179.0791267,300.6058666,30.85283975,176.983462,98.83911111,1946.320769,2451.552739,1976.086761,2343.582796,1685.75077,1898.348223,1249.885649,1906.533804,2677.032858,4856.83927,2768.350056,1627.943886,3441.566919,2214.324465,2133.380874,1820.749731,588.0734867,441.5655763,1818.715935,2376.71188,2480.539673,2481.204982,2589.762513,1028.897546,26.9145642,175.5987831,770.1815388,2197.886566,1998.639046,788.4026958,927.3360001,220.169554,185.3784594,474.196405,2076.911286,2476.397964,1718.109444,2416.459,2291.026388,2923.535332,984.2111723
Pituitary_06,No,649.8108137,931.108647,1041.609214,1249.406898,2665.574374,569.1655253,843.0790804,865.4422358,1140.412281,1213.974607,1128.690142,3012.808289,1310.97757,1560.506553,1619.546005,697.6932695,1405.920392,787.3637362,833.9356202,2043.25209,1753.636243,3519.915483,968.9629947,2075.988969,2049.547215,1251.784656,1104.298938,1250.494662,1097.403632,1452.665992,456.2603507,689.2590465,531.8664585,5288.640119,856.2088813,242.5707418,2096.725413,1491.108609,1629.252609,138.2579426,1418.947441,863.1689849,659.2906103,962.7567137,3261.259765,2179.596047,1722.704701,1810.123921,1386.553339,1670.857706,1352.814279,1771.10306,1174.248579,5413.033021,123.1030279,1584.484211,546.2869709,6066.318933,5057.003639,16049.86922,4428.389603,4893.613465,2820.630796,3912.760593,3347.308332,2422.298992,5190.588484,70039.93017,5392.590742,4367.69846,1363.564666,2030.299614,2973.300882,1490.26168,1622.869177,9559.802376,3657.768552,4397.044187,5341.25284,3146.551774,2260.73743,1140.975048,3936.017299,2574.250044,3869.859502,6774.513806,7705.107469,8106.544673,7267.554407,6051.623849,12051.0634,16737.4744,2747.846639,2226.000635,2863.130815,5644.987978,5831.160875,13179.88801,5745.841954,6840.814466,4263.802907,4776.55666,3057.285131,1865.200944,2318.107873,3162.44688,1394.057227,1409.078743,3648.522473,2604.746165,2665.436489,1921.694009,1713.016345,614.8570642,1648.946326,1912.415653,1814.491609,666.9738516,2843.223513,6053.748059,2649.395685,2683.134849,2076.549352,1393.373204,1725.399425,676.4533137,978.18909,705.0449318,758.7078126,2234.970417,1349.48138,1184.768117,1357.457495,479.5430733,1092.909698,1501.948403,992.3815268,971.3269836,263.2695744,2883.45806,2281.966548,2474.091125,520.3494449,1238.948685,458.7201008,800.5474965,2578.287774,4945.962216,4130.131987,4071.643891,1323.180201,517.3290838,11771.34619,2962.878721,3503.247412,3105.009031,5188.322125,915.1195118,2487.298883,686.824416,703.5394457,1445.463219,1483.278027,4026.042688
Pituitary_18,Iso,1280.293537,1093.197911,1586.052939,1377.386296,617.9250939,1088.346158,1442.676797,1929.828761,1234.071185,1131.393674,1375.46137,2046.736155,1419.718096,1352.19464,1351.120021,1223.937188,843.856225,938.1176538,16.80634019,996.7601666,1075.579259,1134.228447,1058.280525,82.01513574,1051.41229,863.4183738,985.1824038,922.0996298,39.77226308,734.4082293,50.35416688,96.50598184,57.69867287,4007.34209,50.27414584,7.467271634,162.9058695,674.8851669,990.5811896,793.2642841,435.1711282,59.08808547,748.3383568,62.8177204,345.8003791,139.2318246,277.3416197,831.6796887,116.5169324,927.7872026,793.4073859,139.8398279,36.30687186,5382.048125,800.3359954,921.4873345,37.8119246,3811.873095,1222.76611,4818.479983,1087.424083,1041.598149,1102.662642,1011.511199,623.9381115,286.9569402,693.3660014,7508.975247,979.8479849,380.6630053,880.9931909,707.3327183,2302.532978,985.2785357,778.9066055,11805.28795,3836.650727,48376.03196,2346.542837,1243.499407,1209.968534,892.278197,1238.142786,935.6858003,252.0008936,2296.747069,1004.197436,955.8985312,753.626927,1349.700358,1147.287369,2013.99573,129.0542086,293.2028444,713.3878438,1100.394309,1440.07922,2061.411546,11837.60915,9764.481982,1655.219464,4473.178213,6082.149249,1062.033033,1046.531897,4014.250853,732.1040502,944.4446421,595.9504098,1184.230323,856.0255356,1001.552609,1029.709951,874.2048223,1131.016185,61.89200605,1018.490926,871.0990237,1002.696282,957.3391825,797.3653665,820.7648994,889.3204167,285.8685067,934.0011843,867.3583167,953.3155668,205.0971318,840.3499051,1164.645288,1137.297677,991.0359122,1247.371896,1147.629926,995.1675528,1359.336416,797.3458996,11.00814011,1067.312232,1279.971808,1061.064467,1225.367979,1020.807239,1201.93551,1277.44786,1707.26804,589.4548635,939.9925703,1620.161965,166.1771984,1539.221722,16.81933147,1011.842306,1131.932488,858.2724978,3188.851944,1220.04548,926.6980964,1123.205666,1173.173918,1124.200151,1213.561078,1160.220335,977.958138
Pituitary_16,Iso,722.2981522,725.0138695,512.8197723,449.4381156,1866.728351,452.7919869,622.3652338,1084.322051,1680.479423,834.4296101,1111.204387,8959.62158,962.1220862,377.6528367,428.5256704,1134.890193,1187.49951,433.4915164,479.6809596,121.5748589,272.713993,378.3671336,2018.551496,269.7424153,213.2976397,794.5367262,680.4924113,839.8735653,789.3885718,3883.114989,894.3901755,850.4721647,754.1527782,2968.894638,787.760238,838.1631426,1355.080642,1191.925969,662.785132,1074.672069,528.0728297,657.1221524,3557.363324,746.4599345,637.1253561,4246.570651,8116.004761,1839.963496,2924.393659,1032.061712,448.1544165,1231.851982,998.5736011,261.6568851,1376.030613,1059.193487,862.8190588,854.9664177,255.5927735,133732.4877,215.7021542,249.675718,6139.913292,4217.994573,4347.089187,3317.939621,11242.48986,366238.7303,16967.22158,14995.81536,1040.053555,1040.799925,2870.438585,19522.05646,6082.668573,914.7901591,2271.67775,137.4493607,6954.249606,5623.733327,1885.20488,2119.642233,213.129368,212.8408968,761.9295,601.510238,3197.036735,2532.2926,8254.959255,2629.588629,588.4694654,6626.695627,1049.454205,1030.072728,1510.085731,2951.18408,3102.716138,1725.369531,476.1777256,95.1623244,49.54830747,46.7460989,49.75167797,2973.727365,1802.658548,16.12644814,62.60866336,23.89188848,282.1067029,76.91805161,570.1055468,563.9419316,655.223436,47.39940838,627.7707632,67.14015861,627.4944651,46.98186359,67.57314068,174.9123469,122.8179646,248.6979357,575.3402043,443.4026019,2925.762278,623.3477127,236.1624165,868.045952,623.5916636,565.9958407,930.1319288,1299.969947,2466.701292,810.87317,1106.642533,1475.167142,1001.974457,1293.024594,3113.645649,519.1375019,66.08383961,543.0903728,1146.37606,884.547775,621.4519329,712.4423144,608.0541675,111.7647877,920.4398413,705.927681,864.1189165,493.7675166,912.8781739,191.6724814,309.1759718,275.2126058,440.4796352,377.3045264,3644.198859,600.1110949,815.6020917,1336.155237,2999.226693,191.0551581
Pituitary_31,No,1153.784302,832.0197548,728.3193198,1092.22768,1063.658673,1202.453133,1213.013031,198.0824782,1155.984368,998.6952506,1383.900906,1404.903007,1255.388113,986.7056874,900.4637145,806.8581405,2353.419079,1100.889565,2057.220558,686.9833242,1272.572539,1906.569566,2233.330872,767.3845488,1087.296817,1667.597209,1216.580963,2515.629627,1737.235534,514.9268198,1182.535237,895.6533748,947.9698039,1614.02203,1124.231052,317.8952041,1156.449577,452.2768795,867.3792834,1149.325237,1145.110058,1030.588603,1540.747433,645.1487662,584.7801298,1879.701816,2090.045267,1673.728434,1264.244765,2246.769002,1408.972762,1651.309252,1303.017378,595.087288,793.6783284,1026.401075,670.5635744,287.7823072,289.6935428,4546.163595,963.5184787,461.6087068,3007.468482,2141.253251,1334.386293,1736.666551,3231.385518,23909.7801,8237.984332,5114.822621,1044.151386,957.7002015,2424.771903,1729.821375,1484.196129,798.9089347,682.4393835,125.6084319,1997.028341,1136.371861,847.5780256,1390.902936,279.0618729,816.3777202,1089.797215,903.1957035,3689.357316,2498.752301,2561.676649,2828.335867,1043.21912,10947.43017,1498.525973,2107.243879,2189.935524,4737.729667,5809.420872,2106.531721,159.38617,81.80063217,45.28199419,23.24001809,738.7323948,5117.912825,3521.001148,4.802543301,4591.081314,1553.868435,7892.477424,1816.955507,1114.258431,1196.516071,1226.241395,807.548471,973.9010505,1196.922648,1182.011867,704.029846,1036.072594,601.2180005,1418.175256,906.8309453,1004.192185,1330.092729,5201.269251,1180.264627,803.7991673,927.6019447,801.302865,418.3665611,732.6629916,384.0406071,1037.203011,797.0683085,332.4412466,1432.931032,367.7714249,1146.172825,798.6133915,580.0285585,369.1458204,1095.949348,739.3343544,783.2166194,1229.705965,1657.447631,891.8643893,911.3027117,726.1712707,582.1839545,848.7550245,1137.164901,586.6354594,1203.839832,1245.301339,432.9218902,1087.955919,1034.296671,1127.955368,544.5074926,772.9555611,1008.844853,992.0293128,546.2145129
Pituitary_36,Iso,2001.946314,1024.355133,1046.651587,1050.392787,3638.093847,650.5798373,2881.821091,3175.057352,3057.729571,2261.145509,4918.64012,4541.49773,972.7621996,1140.809235,1145.866916,2186.617188,4611.272818,2698.20948,4454.295658,449.881495,729.4929151,2594.328541,5646.053532,627.8366237,881.2536031,3682.040043,3304.832073,3589.546707,3274.867514,2339.055164,3305.749914,1459.589665,1268.756002,1308.419793,1007.909278,464.5014669,1505.531816,2075.074882,773.9363637,87.26251061,1190.010759,367.3909926,1072.452891,451.8801062,703.6211763,2600.183698,5542.79355,1573.144048,2017.240379,1412.472294,597.1073567,3184.475177,717.6223886,315.9964092,1005.883718,3766.984084,433.0021499,334.8794117,555.1727953,49334.00316,128.2055336,274.9898159,6370.461954,4266.092192,5122.797856,4918.642946,6708.36644,137130.3061,9857.317972,8364.155209,984.0500184,1261.135809,8677.014877,7920.798662,1722.175788,398.5133355,255.2393876,254.535925,2485.79212,2327.374004,847.5339979,937.0780569,503.4017085,1751.526965,2281.660812,1201.522985,6074.750178,5104.483507,6205.36247,3624.548478,805.4970498,28493.88473,1009.609158,1268.091119,1533.089548,3078.002379,3245.169487,1639.700641,577.2836257,348.3442295,401.9118492,139.0043068,133.1940998,2446.95349,2266.658976,17.79379175,820.4987099,862.5343253,949.1916096,1773.270562,944.0933499,188.6690156,326.5263288,272.4443798,603.5062091,415.083244,326.769813,713.0882816,282.2733286,760.6275131,588.4430086,1482.552254,483.6075256,1110.214102,18238.28878,1756.096582,561.4015844,1178.379533,881.8228869,819.535083,1157.804985,846.0860146,1113.45298,670.8050334,1046.561167,3422.232823,364.9192412,3029.917202,1984.328998,347.0306029,208.9258806,2759.624525,1170.552662,1602.354608,3207.786139,1413.912723,893.9968786,635.2745893,1107.455835,441.4797469,730.3689126,624.5803539,433.8872803,775.1867584,572.5947749,209.3927281,677.1525539,2166.392383,2682.079188,1663.781481,1417.543206,3216.564576,4971.210539,490.7832719
Pituitary_07,Iso,211.4300444,811.7260168,856.0159426,405.4825097,1151.280666,821.9551583,1136.718319,1031.463776,862.6401906,127.0548429,458.4301184,1877.621801,992.696687,582.2222311,655.4747191,1045.863127,789.0010526,671.6819343,615.6934035,986.636658,874.218051,1047.6141,156.4234503,2781.206096,3152.12476,853.1556197,855.4983361,864.2455648,341.6374135,3916.926275,964.5424153,1185.715225,1233.51278,4310.516317,1495.002981,233.0656483,962.6717862,872.909729,979.9220373,753.9390489,669.018244,230.5595442,1547.530707,3786.443648,2250.159092,1300.091849,3456.429208,1021.004882,1382.602956,1194.450715,428.458714,472.772084,412.9476201,3376.399989,650.31552,421.7065299,370.1079828,1955.825343,1966.134295,12920.81035,1415.156546,1666.861345,2390.406115,532.7789344,795.2874994,791.7815475,1906.027925,49619.51866,5135.344686,4395.281561,501.7630042,447.4359387,2016.088021,1632.699446,676.3977327,6130.974393,3666.819371,14826.19877,10321.95585,9856.139022,4736.534938,3563.809812,1901.196744,1372.818432,2119.366947,7045.293867,16506.56255,11858.90108,14491.0327,20894.45593,8462.244287,85032.93159,4893.869023,3871.235266,5729.374653,7802.834056,9719.36334,14719.1732,3245.337903,2701.922995,2559.994276,1760.903656,1234.476642,1333.524918,749.1031494,1054.153364,2486.359727,2894.673019,1503.378015,1451.147672,520.7440343,1732.224295,1853.642915,1599.369841,2594.170186,2550.062979,2282.201868,187.0699128,1539.388839,3473.591688,2037.199955,803.3212654,965.8827991,569.5254159,2641.32068,219.930191,615.1330892,419.6387546,325.9478671,683.3418132,351.9164089,818.3959269,1310.37866,475.2082624,660.3100424,118.7882468,257.1317073,237.751267,948.5801299,958.6070187,2039.954764,366.9221435,454.7664366,447.7812876,891.9415126,227.648841,331.975088,2527.436538,4473.792349,1407.489886,928.5868218,803.3679506,2043.214647,835.1907543,1031.657827,951.7851279,678.9006379,686.0242548,992.5401327,744.3232943,115.899759,671.7323612,282.9144209,2054.018879
Pituitary_22,SP,2082.882278,2973.697405,1716.172923,714.6567484,2023.183078,1038.572586,1952.767656,1455.50473,1932.773304,2493.757663,3908.438743,14213.80875,2217.7421,787.0663334,1026.644756,5564.995595,2653.977744,2331.057589,2471.489668,539.9242296,2605.868666,2248.823435,4772.119564,1265.401987,995.906712,1468.324379,2216.445176,2069.451796,2120.96662,3173.09917,4476.961827,4689.092032,5315.101021,15.33310188,5094.300333,2876.114192,3290.435319,1360.728469,713.3219718,90.90725218,641.4109514,208.9936954,3289.444535,4037.65464,571.3765962,4271.906341,757.9522838,1915.523371,2450.965136,1260.246704,483.3915481,1468.34887,795.934728,921.1057568,763.8731945,2385.41769,562.2022104,258.60992,77.13742648,44435.5434,232.7797218,209.8504871,5109.94653,2479.391944,3853.421529,4125.953894,8951.014092,162121.047,10183.75058,7700.94787,634.8821998,3572.928259,7143.296885,8964.124544,2355.145679,2384.397899,280.8041767,794.8458918,3398.454124,2264.820208,724.5100478,194.1979611,393.9173877,852.484934,1033.733896,1211.534912,6979.158302,7461.049173,422.9515967,2511.738916,257.9505364,12786.64545,443.3137494,128.6967921,314.2791389,50.19664099,94.50446883,90.3204882,743.5565333,398.3442139,579.9617207,11.13479423,708.9778877,3506.407926,1263.765998,31.97590515,30.42650945,984.6433249,5335.19963,1087.447447,459.8676333,879.5983337,14.65113168,907.2905743,377.5638345,494.2226849,91.50534853,1247.012676,275.6947909,478.4725133,988.0255522,734.4901291,491.00713,698.5327503,14280.83952,969.4789636,558.5490077,413.16205,178.7834864,2031.869045,2224.947755,2310.261318,3272.177553,6761.472578,1826.279905,2337.292099,664.061422,2910.371913,2149.411187,230.4244138,102.8138462,1543.704262,2256.984397,2222.787668,3110.441532,2146.712735,979.6902017,183.6244854,805.3072623,389.5594092,2608.039199,2426.102908,625.4030459,619.3790011,550.9629943,165.5347104,409.2693764,2141.390921,5796.88976,2567.932515,2117.785599,3596.098135,3032.317815,878.928989
Pituitary_27,Iso,2624.856749,3343.400326,2391.007021,681.3713656,2827.581169,1869.430655,2312.918817,3473.135424,2695.881773,3070.092767,5233.001456,9541.546864,2617.662807,1302.958552,1639.712241,3006.376931,1681.25287,2923.699349,2327.05196,288.3617673,822.5988401,1145.922203,4037.947324,303.368511,475.8963617,2184.454515,3145.030686,1692.390664,2203.334256,641.6193175,2761.81928,2608.307443,2957.406874,554.0825452,3316.872918,3096.100263,1477.039854,1780.610397,463.6081108,528.7350459,672.9088106,1129.146493,1924.325053,4037.65464,383.7103828,2374.940938,303.7872753,1803.483325,2236.213905,1203.066727,1577.862978,1000.144138,1694.168277,269.7524002,1912.055263,1269.492676,1141.404056,874.9768246,844.8721085,23181.43409,50.71823078,799.9251242,5330.2759,2874.936962,2894.272939,2729.954456,5674.745122,44095.16975,7031.637308,6871.898459,1619.195688,1491.180802,7378.273757,2136.988069,1062.766447,538.8739252,1208.524305,1071.836139,377.2752881,887.6879205,421.0874188,379.1970715,170.4078895,570.5091481,586.7397019,341.0623491,1701.454933,1609.642902,2389.771354,1026.379643,78.09511654,7390.746477,345.2508912,465.7598192,673.1368792,425.7516146,378.390674,157.2245535,1071.75082,889.1605164,919.4280665,13.02338123,1029.204997,1809.846446,273.9063644,31.93633101,1488.540458,93.95138392,2644.627166,184.8983344,129.9188888,943.5284495,950.4714347,1077.962064,956.2714479,150.3029289,956.347542,113.7201112,128.8031093,88.98529398,999.662186,355.1158697,937.0338866,1393.389013,9825.217591,1905.527618,1848.855601,1298.5093,1204.987601,3036.957291,2797.672216,4005.993126,6334.855934,5487.9525,3644.085194,3509.230109,1312.679555,3834.842991,2890.086664,890.242894,872.9969714,1686.399614,4059.508134,3743.642389,3024.292276,1889.462036,917.7899703,1070.51707,64.30081738,958.179459,2311.991506,2997.636766,942.6092726,350.4178964,276.6844731,140.7230201,280.0620195,2786.196366,5642.534707,4121.373172,4440.231152,5613.581242,6610.9992,970.9634381
Pituitary_25,No,958.550926,1367.462293,669.698622,356.4056839,1936.813588,817.9925818,1167.742506,1144.717603,1171.838932,1385.420924,1343.548417,9055.450154,1061.106974,820.7745776,583.873795,2835.217983,906.6756547,916.6192553,1019.296023,143.8977403,198.5225434,773.2307212,1114.834806,874.5758876,570.231689,597.6337824,612.9984386,775.378312,724.8351944,599.4694306,1240.179995,1271.368998,1322.998078,1136.391946,1367.755172,960.7998284,1563.495221,666.3681704,444.4920537,704.468064,409.4721699,562.9873541,7284.309921,3117.865364,333.2524577,1869.528358,3788.987368,1190.983801,1628.359408,1717.08506,510.7533338,421.476068,496.9237755,489.3491941,736.9957107,632.6265752,421.3480929,466.5135211,243.3631483,30047.36098,368.4394273,390.5101086,1686.367097,1726.891665,1271.532429,1472.684346,4692.793629,85682.23156,8815.010438,10325.31645,595.5096603,588.604162,1667.813615,4173.729096,1273.386753,1241.476506,1949.306836,176.469797,12404.2042,3616.018464,642.7983883,300.1102456,221.5785306,201.2289896,595.1666145,413.7503298,1067.818388,1120.112364,2076.035769,1245.672277,336.045653,6386.901658,483.8625155,714.9490636,1153.941382,2199.121846,2081.649221,1772.132357,78.1289867,268.9365601,321.8245028,56.24202582,103.5219986,3679.622724,1274.11341,41.55284704,130.5158517,58.26344171,4665.339614,140.6505907,106.2972726,54.67614324,694.7066859,696.6379869,142.8472613,124.22978,88.37184945,126.1902379,64.87880504,397.2557767,288.9805019,321.4603123,133.7183202,636.144713,3513.086522,498.6857639,346.1619617,604.5656936,541.285586,963.1945282,1154.242268,1201.202681,1938.182456,2166.297039,862.2922522,789.638019,1906.046367,899.0772311,1655.627536,167.9425228,193.336321,538.350646,827.5661959,846.5898849,711.8648986,524.0518519,665.5192962,902.286125,892.6678912,548.0643563,1492.708261,1387.190466,218.2236186,282.7212597,124.8689057,150.4470426,333.4483077,826.081599,2822.538931,1060.64706,782.8099443,1650.667997,1665.375697,404.0801404
Pituitary_32,No,666.920232,562.9294183,1153.644405,910.9059423,757.692921,1251.943574,886.9003551,1084.506802,590.7727276,372.4030401,826.4897685,2924.961911,245.4062101,157.3662327,564.986886,1741.585594,843.9461893,1628.823329,1060.087891,725.3037146,1145.838469,1375.431709,1002.035476,1088.381466,1677.358496,943.4746498,1375.258743,851.0526635,879.2400356,1987.238209,1227.395914,1801.54109,1394.19186,1914.139378,1504.542894,843.7118514,309.1878952,574.9578318,836.0668348,1385.597839,566.5035677,414.7885554,3334.910702,2804.323273,365.015749,1792.181199,3231.094971,1113.03217,1085.147025,1191.114358,512.8971884,706.6135152,640.1103745,386.6282307,329.2570893,698.8278584,639.2099139,343.4407152,315.5098906,8511.6757,206.5714745,405.9677793,1657.033794,1155.355619,1291.647683,1075.27712,4577.031535,36959.38456,10294.51535,6161.861589,287.0752875,1269.905348,665.8643931,1591.381753,1039.66787,876.6828564,1021.225434,2237.503571,1798.878009,8155.87519,5659.435108,3491.560555,262.5534682,578.0527247,812.7680146,1550.440996,7987.036105,7951.586058,8536.594933,8655.748568,799.6076443,38875.99606,3400.201937,5051.567269,4608.160044,10178.47818,9637.53751,5995.571067,296.4237368,238.6965401,453.0665747,101.9523341,270.6914691,9881.684658,2978.848268,105.1272649,10796.32769,2385.434392,19611.3574,2188.139981,1647.434836,1841.753557,1930.273428,1818.109546,1722.857629,1851.426138,2582.243167,155.1100616,2135.754708,1398.235449,2168.945472,1056.801629,841.807013,782.6067942,1463.561117,518.9524904,938.8720194,550.846735,586.0489861,275.3897617,1170.51692,632.2327414,228.3251734,309.7710171,565.9279993,257.1650584,103.7824448,307.3782389,1095.633926,844.8723622,718.6231923,498.8377732,350.1608024,483.4516057,1008.054655,1634.297329,690.5474181,2146.580558,1799.385247,845.2001893,1411.476458,1420.021811,2128.42888,850.8640115,1037.03921,465.1512895,481.6786779,743.8947192,440.2492553,1002.733654,445.6266585,651.5719893,757.3400228,819.7927588
Pituitary_30,SP,858.3075521,887.9356295,979.8788196,227.7264856,805.6481691,673.1762168,312.2281189,299.918189,682.0117589,1173.55958,763.4185774,8085.036226,925.2085787,351.2458587,297.1051728,454.4370574,204.8346561,419.682048,468.8605564,543.0086741,716.9922802,413.2697013,781.4616294,6.524589224,149.098533,509.2556151,789.8922009,606.3750227,557.6300131,644.5479512,958.6230861,1098.573281,995.0001738,1271.968888,1144.353074,132.7382526,988.9397901,490.2298866,219.1525124,1068.58032,203.2023667,503.0414395,991.4728953,1170.025988,223.4442202,1868.121081,3283.459925,1300.931762,2063.807659,1768.143672,328.2029351,303.5118455,640.1103745,154.8722227,833.8638296,651.7054947,760.7327112,454.9232769,66.83098516,7476.471899,489.5596545,10.9214158,1296.150827,1325.817924,1808.99793,1778.178976,5674.006036,51400.46859,23976.13556,7107.11768,503.987596,625.1023575,767.1069324,4065.483072,4275.425624,1125.443289,728.9690024,1526.623246,4063.134439,1190.752284,360.5269773,773.5792846,46.82604974,141.0616722,262.6325948,131.1911612,806.7985795,854.7210482,4305.233236,963.790119,57.67204961,6745.151454,615.4517556,942.1652727,1236.522945,1715.7659,1762.292573,457.6165038,502.3476254,386.4492248,310.6917228,156.8181176,297.8163137,1649.317152,304.1507672,185.0049637,537.7638507,64.79214811,1015.176148,205.9614872,142.9463879,87.2836866,129.5301944,651.3010437,34.45715258,133.1895732,154.4232547,395.1372621,58.18972408,588.0615129,840.6807377,834.4021016,607.864154,284.2704091,1773.160584,361.7810993,291.9936902,527.823729,471.7486519,482.4353469,461.4009187,1050.904127,1694.461233,937.9520836,603.0707685,1017.559584,2132.360614,973.3644233,789.646073,360.744709,355.7804305,835.3087418,670.8309497,738.6863954,1102.768215,957.7333807,196.7972286,1016.215277,97.78009861,549.6325954,135.6791139,925.3420817,698.0052481,78.94460106,58.99697515,211.8668771,94.12112096,432.6560091,994.3272154,647.3607576,635.7128791,1313.760223,1262.233371,209.2990451
Pituitary_35,Iso,2244.971702,608.475156,719.5391407,762.3889284,2777.295165,1175.832111,2308.392493,3416.942122,1817.541484,1614.520619,2724.459059,2842.614526,1975.952569,1311.887506,2100.702001,2608.280062,2512.92125,2185.684529,2244.08867,548.5690442,1290.573844,1653.568266,3390.647966,1296.060453,939.3991091,1914.520094,3614.292745,2078.877395,1814.785822,2226.992582,1633.719304,1637.890415,1258.725855,1275.695501,928.3804384,584.0507105,1721.718955,511.8671503,1093.749339,864.3712567,1267.941334,1232.020556,12816.94418,1264.215301,517.7513914,1426.075466,5879.40138,1115.156369,2876.485287,1624.298481,938.7370064,644.094422,671.2924482,533.3532146,1387.59898,358.6025502,657.2529222,155.0194172,395.8539488,7114.457671,347.5476939,796.1175774,2010.246352,1561.01804,1769.080175,1365.063954,4459.553028,43793.34588,12396.9544,10057.13912,921.2138665,2564.462861,3797.819331,4179.448804,3246.043571,386.1405042,1260.058107,271.7191639,14962.26048,2359.705457,446.9430156,1003.403404,537.060791,785.1445065,1082.500565,640.6707372,2227.516031,3012.67713,4028.929846,3722.837477,1544.695321,16978.49642,1860.83659,1863.480972,2488.141743,5106.237401,4563.536848,4760.489704,246.5378328,149.6337968,290.1540546,98.34170667,140.9157964,768.2712998,272.6335084,74.23886694,736.9758905,500.4558973,825.7664578,911.8873829,660.4107455,401.6325094,327.584372,87.51856973,351.1920386,445.7875526,165.4529134,280.3753104,942.4819911,411.833056,1045.877484,578.2668571,626.1732626,1711.391499,5302.842751,2467.981083,2066.788008,1996.015889,2027.814295,739.4927606,5228.918719,459.7983712,1866.965555,505.7209316,826.2617447,1670.437276,961.7502762,2525.079246,1408.733951,324.7100634,211.2581761,2630.335323,930.0564046,1663.822652,1632.497468,1993.099208,1151.265058,255.6726751,1088.809953,395.1123969,800.3153523,1149.921028,422.8597566,542.7368207,334.8152077,430.575198,664.6389313,1630.124243,1956.69389,1546.927281,1209.982103,1552.667487,2309.13986,537.4586677
Pituitary_09,Iso,921.7079813,375.6075256,1025.159634,1083.073508,560.2294994,141.2279855,855.7655102,1056.150995,85.20879638,508.1667019,320.7812287,5546.969737,929.3499388,985.3417722,871.269827,211.5960948,453.3592487,1198.075972,165.7784395,875.978498,1497.390186,939.2444203,180.3137863,812.4167293,587.0811483,347.5250524,312.4232575,111.4160332,225.7592606,5766.320078,396.3906271,193.2577709,188.3668713,6936.238336,162.4585495,26.20337938,1063.487161,149.2653016,1300.744528,365.486968,266.791645,296.5080757,1931.444444,651.1215977,1247.856979,1039.405159,3200.462719,520.2763611,1006.945495,1234.056074,206.3708705,553.6049063,326.5606301,5612.33998,75.43281967,364.5799998,371.4508048,3966.968122,2838.66112,26814.22042,2370.479246,781.217941,1107.571819,1143.07489,1147.108302,540.3638238,1987.243995,79788.67606,5945.093541,2904.382511,499.8138501,1707.50218,911.7434875,1602.421384,1417.94403,13069.45729,16438.07308,13869.96078,4950.181098,8776.804957,4099.181504,2232.352999,1467.460502,947.3571235,938.9632653,3313.699181,6232.282561,6001.495928,7068.884068,9360.651757,6284.340659,33203.21482,3306.3959,3409.474874,3170.723413,11954.02425,12090.97952,16973.1064,8204.676344,5134.745497,1171.77599,1845.4476,832.4920551,4372.45438,840.2629374,3238.709866,4249.845188,946.2017816,313.4042147,1681.097832,880.0270353,1504.50058,810.3982641,382.1434028,718.2192283,1230.459251,762.8812746,218.5295583,714.9055892,1472.746515,868.7774078,687.9629417,818.7819747,314.6140524,566.1947843,310.9131346,169.0147787,375.2349176,454.6110792,888.2567439,995.0905236,592.8583388,963.5517172,346.8012288,869.4803627,215.7541635,942.4899071,588.4128385,603.1945382,582.2745119,2204.531056,632.0374085,622.8545612,433.639323,958.2404945,987.7303393,866.0357776,4754.482795,4840.610739,840.7461622,814.8331755,164.8218368,646.3211193,535.1920523,537.8575995,1762.975754,628.8034959,912.3069856,1068.822148,1011.356335,930.4530248,1043.48001,223.6951704,1389.282603
Pituitary_05,No,1067.933341,395.4023276,568.6507646,806.1698283,3463.367318,542.9773148,795.0503513,664.9774414,775.4033466,1150.992107,795.1378519,6866.856863,929.9583511,594.5806238,1161.827836,2598.165262,1107.837528,973.9220282,713.6972868,2127.956396,5531.026483,2382.714309,1873.332542,2983.849972,3288.847092,551.7293893,1088.627721,512.4718691,871.9391078,5773.607767,1205.519938,2295.310616,1842.362007,3373.290705,1809.226253,2645.481483,2992.955188,1812.24346,1363.606968,74.10038627,1155.397837,464.543422,2200.378532,1284.606871,1759.24274,3908.305609,17411.39149,1618.74613,2548.987811,759.0523529,1347.730657,2927.21309,1777.563812,3261.930875,825.7085956,3721.76912,1085.454421,2669.250276,1569.205579,37054.60032,1200.371181,2428.999255,2596.038516,2384.011206,4148.317432,3702.082295,11005.52462,286978.1573,17092.02039,21908.50852,824.5823183,1728.306638,2829.918989,11154.76984,2867.513388,14767.32169,12871.4877,2644.130633,1976.979925,29673.00806,8647.629267,4281.837668,1965.645365,3628.050503,4687.77941,9217.099766,64671.83284,53646.27573,80335.15646,73143.86329,8801.131947,65090.75163,10392.65108,4991.088498,6675.378326,6116.39016,7513.059598,9298.815201,1212.700989,823.1348352,1061.778818,364.514966,241.7254912,7162.968112,4235.284915,306.8047554,18598.73608,6361.74657,4177.701187,3392.317678,2011.854989,1135.819864,1189.066702,772.8610059,1611.49494,2246.111069,971.5405183,4303.040042,2158.185985,862.1612505,4678.127657,1541.513138,2045.080585,964.7402743,4372.556959,846.7217888,804.6692273,626.8084253,724.8740531,1534.104085,1638.980034,1475.488972,2512.443894,3818.667669,1912.470203,1582.834584,555.284736,1539.378768,954.6112,1592.689778,1643.967111,903.7554554,2299.187214,1779.966266,1269.632748,400.2418756,680.48891,1765.645214,4056.551822,1834.978799,1083.100788,1431.398864,2483.829297,1750.843767,1811.990382,1124.64959,1720.883141,1013.538395,3888.572166,1420.64292,1190.385182,1624.844437,1539.838077,2206.166235
Pituitary_10,SP,947.967261,648.7069438,1004.20041,941.2577455,2124.981304,810.7972066,904.3929404,683.578209,1532.097229,1232.782484,1350.645118,4111.418343,609.4195152,242.1828395,1201.737953,861.8913611,1081.142648,835.0908103,1215.424535,1540.61583,1912.570736,2029.719597,3046.300638,1417.925507,1601.631855,1263.169918,1094.920367,1041.24143,1261.158809,3604.380849,692.2875524,1267.75877,731.4452148,2623.670549,811.7856226,286.6620803,1654.758878,1403.951455,2386.312193,1576.823241,2144.660038,1146.059221,2569.804829,1348.735423,1022.352385,3077.127493,6483.670547,2419.006499,2992.616958,2996.996375,1304.564906,4168.35144,1576.529809,2413.828847,1851.588972,5560.233384,1332.614557,3620.048914,1187.227905,12977.64804,1683.754186,2914.799106,2330.808575,3095.369388,3587.615604,1869.012421,12487.90141,358578.3414,3377.052417,11578.59,1080.663784,4416.077623,2278.742907,13816.70355,757.7882046,2654.620799,4932.342237,6410.277225,8989.663432,5150.496218,3055.849361,4744.162333,1181.300256,2440.68852,2667.184837,2727.733582,16868.56973,16250.13401,1661.167642,31305.57349,4151.477334,32348.13111,9579.433026,12767.90081,14216.50538,27927.66828,31379.84732,27726.69036,1127.432951,806.1879415,548.9468719,299.1811361,121.6667107,24894.24983,5974.776934,177.3375005,27715.76357,3371.524996,20722.06366,1795.446186,2028.48189,3516.716812,2730.348341,2612.008213,1272.714754,1522.364169,2405.719379,479.8781982,2830.13653,1483.066733,3861.134071,1964.797484,1987.472681,1722.75049,2971.908836,1278.070625,1059.481149,1205.400818,2053.809817,981.1493563,1012.356397,806.4349958,1180.942729,158.2810077,1083.787048,868.0060624,1077.347308,1400.761723,1494.460292,1128.452847,1100.622049,642.670546,1135.163562,1231.736656,452.5820205,1252.45757,1121.253765,2490.58267,4849.869416,1356.288677,778.8010425,770.5876592,2783.349889,1735.619039,1738.42667,886.207981,1675.34445,983.5076282,1572.668842,1023.401535,834.1260195,1018.5592,943.1508223,771.3588465
Pituitary_12,SP,561.3494008,1568.696455,988.5370634,564.2068478,1233.843746,951.2707863,499.7564508,229.245778,623.0252882,821.9707161,547.7643356,6228.017737,795.2232462,198.696404,716.0284513,1810.321179,427.1290941,833.4671687,649.386412,886.7717285,1913.453553,1268.928412,435.7610553,2035.820461,1881.947022,711.5008591,797.4784021,836.549883,686.7628559,855.8742117,591.6993844,1131.801891,877.819234,827.8183102,1148.858093,623.9528969,1099.937923,670.439466,453.0833807,851.6186955,396.4835805,360.6065958,1980.28849,1081.989105,402.2155974,831.2497164,7796.075456,547.7051156,1610.80989,1342.601085,358.8996659,584.2817955,716.23443,941.9880767,279.7583589,1151.447258,634.7482582,360.3039378,584.4602871,2977.598921,263.5270398,580.2851186,1083.449908,519.4709524,561.6730368,934.2013287,2869.351202,11989.16273,3730.63633,5471.416524,421.1526233,1111.622856,689.7763877,3001.875476,1415.298735,5215.611122,8699.656788,2004.16002,5739.636193,17466.58122,6219.531533,9700.017266,1231.294426,1733.240804,2223.885784,3850.672302,34593.99885,33508.50992,55610.44759,64060.57656,1266.406773,26365.04984,14209.23583,13159.46006,20881.90687,13469.29544,17665.46595,17349.21298,1885.618316,961.8649009,875.9169367,374.2267094,160.9043183,5272.916717,1691.181711,119.0427659,9649.335327,2030.522577,7291.002761,1673.275039,997.5652866,1841.684711,1652.185842,1257.74092,1213.157985,1518.26236,1499.193332,647.0411639,1337.798853,1331.821087,2303.343507,1141.863435,1177.826412,483.0935363,649.6256576,596.3536349,784.5631925,669.6315956,669.9718612,870.6552345,815.5997152,1064.414982,1409.706802,1437.175218,468.8812348,480.1287036,1782.340805,789.0774654,825.7173931,944.8078274,1618.941834,615.8387221,1220.362472,656.256626,508.1130033,687.3197415,262.2585948,188.5114344,3879.145016,836.8127628,768.5479827,1132.903291,2852.820486,788.6543464,854.0359601,443.8803253,579.0815608,573.9832302,831.3142881,841.9960051,815.4133602,816.2729617,690.3911113,1979.662191
Pituitary_13,No,641.6500864,693.4634328,512.0744788,173.3851044,633.3731232,758.2593224,476.470308,415.9412448,1162.777242,703.1315764,721.2797462,5558.071606,425.2470409,7.183385749,636.0017421,1408.714091,454.6414351,747.6964981,807.3946389,309.9098428,999.7725385,1007.786623,926.334822,720.5207709,629.5968219,396.6860954,1026.212517,717.1700275,682.7699217,2983.215401,887.1184365,1460.94836,1193.439633,1330.497244,1256.668824,985.9810554,819.4939803,928.8478368,459.3762055,985.3698526,489.1483254,429.954018,996.0204722,2407.620605,258.3461722,2706.840878,14792.02738,767.1221496,2204.694345,1223.279645,508.6392616,856.6362579,835.606835,260.4575327,224.2849066,1368.701458,1070.426722,459.9702256,84.30710336,55044.40509,54.8863214,187.6186868,2327.877337,1241.125204,2103.106559,1508.53522,7651.603205,214757.3324,7181.778734,13198.22612,305.2580439,1041.38295,1305.20562,19980.48317,3742.678876,2870.226247,9843.128551,2969.754039,3201.315236,13560.55251,5210.958852,7186.096125,265.4362266,616.0394641,1036.056742,1746.361241,23367.72762,15148.06192,31384.93824,43528.34048,4601.969966,62096.63053,6751.190222,7589.378259,10893.67771,18393.55398,23460.3007,23634.78941,560.8996616,126.4386926,211.7995871,45.94388772,14.9025476,4017.460356,621.1635968,7.345191939,3536.866637,444.6468421,2762.73423,475.1590186,394.3079004,387.7230971,401.4401963,322.3621685,344.1876253,456.9385758,486.7510817,190.6897133,482.6441384,508.2941182,568.9258461,396.5826769,448.866773,449.3893361,4785.96266,438.9286831,628.9083707,568.7282045,599.3726758,615.7485689,293.3358632,893.5829481,1381.418371,2141.486252,738.6139881,595.0425886,1186.529736,760.6129,1271.625769,165.7047574,354.1658626,369.207867,1233.242287,679.8929875,539.870066,530.0443013,297.649893,698.7054321,1589.503324,372.00131,496.0894221,818.5076036,731.1158769,411.337365,508.9118392,193.2410037,352.8713088,711.3765429,2215.483066,893.026066,814.5718603,1104.369301,650.1971082,673.1648093
Pituitary_28,SP,956.4845782,1155.609658,1259.700673,2153.814142,2823.758493,499.8621894,164.6227834,1493.657418,1041.161314,839.3849026,984.9467197,5908.643636,116.2067143,466.7775793,530.8866097,144.6789805,690.1588313,113.7638299,488.836878,940.8419801,1998.827141,1007.783483,2082.099767,125.9017947,691.2468606,1128.189234,956.3010276,1390.987741,1013.510989,3106.838514,642.2866865,339.9826328,330.778064,2466.456101,226.2933349,53.52846269,161.9028444,786.6102908,1039.132048,727.1181451,595.2072605,698.4202014,2942.611866,210.4266243,1029.189284,2332.440739,8483.439575,1853.539437,4015.563847,2179.184976,1159.89186,1051.327693,1214.814704,2806.935545,835.6022843,2139.953053,1140.653419,372.3751163,2341.812937,1469.295537,1574.484426,1349.91291,1285.193537,2846.240797,1991.882776,3993.504384,8357.314474,8880.136486,26491.16352,21143.59871,832.9772694,4545.977502,1822.093842,5543.227903,12978.6182,627.4914197,1264.395619,16868.09413,1865.85533,2936.026283,593.7641963,1697.170515,701.1719565,579.7279386,1304.973051,1070.816749,6447.077232,5195.924802,11463.12516,9601.504438,2127.993906,5220.973685,2529.694991,2973.934207,4936.681255,5027.287152,7949.491442,7902.647212,959.215311,567.0467281,528.6292604,366.2647173,300.2302267,9108.632838,1886.209246,732.3398454,6260.027824,637.3823342,4233.881985,804.0106444,555.1171146,1273.002526,972.1653354,1001.162429,392.4855967,601.2342002,911.7670581,91.25183389,1243.786602,433.8951174,1025.607767,1649.72449,1122.84602,1338.928515,5994.540169,622.5176173,234.5429224,512.4135118,920.6273833,294.7021124,866.8870038,751.9163797,1508.050808,496.0415971,690.3551566,720.8430456,1199.791347,2012.522168,861.3998672,491.1466413,618.4315195,923.5097999,292.4447156,821.2721552,509.6546254,887.6660453,1009.911505,993.8814091,3920.443569,983.7864427,139.300481,321.6072698,1652.182126,872.9099782,1131.987903,1022.640342,536.555247,882.2146725,1523.56548,207.0698131,591.0709555,1218.821545,1536.091693,334.6737879
Pituitary_03,SP,1058.558606,724.7611802,591.2937352,422.9277496,1153.868924,789.3013323,892.1064993,1065.817468,581.7746625,520.8692153,579.1084465,4506.368774,482.7703802,398.9907609,761.3176044,1436.531034,618.7796562,1879.235531,1187.058924,424.0862261,953.8087635,895.6461277,916.4442112,473.9193539,638.5582013,819.5699805,1598.533939,1072.64092,824.1228497,203.5268883,1249.598762,965.1484339,961.696718,1141.213014,1592.420971,689.7289205,543.2300644,318.1698046,411.5143892,1829.939507,401.7588171,883.9717944,1388.273846,2115.32309,195.0598093,1231.294551,8679.385806,699.0785355,1834.65876,1500.616325,1135.461114,346.4447186,990.6733578,675.7243482,389.3919874,267.55292,332.3567967,709.0462093,155.6115588,4367.272544,79.88270338,185.8535095,845.7526289,1305.756564,1514.183878,1268.050005,8395.762006,15189.05684,8826.995162,9156.805538,529.2237895,363.5143046,504.1922535,9098.314239,804.7153731,1425.880197,5636.677423,9028.707061,735.2743799,956.9824367,465.4795907,951.3213066,159.3597534,403.1905815,883.4996205,710.4724328,10152.49823,6056.861711,13658.46446,16579.3581,1392.692613,15596.6283,4196.477357,3621.049317,4423.281601,8063.294237,8665.41716,4199.703034,1031.932629,631.8460374,91.23637157,32.29326098,907.135839,16618.77258,1199.439045,24.75571912,6152.202698,675.6858727,7895.599732,1098.423133,756.5445839,1429.965597,1102.797113,1049.567598,757.0271675,1146.616909,1045.045737,871.0428041,970.0698825,259.673343,244.860885,297.0105224,253.7950602,888.2084509,1121.207505,521.6038308,631.1069283,621.4926837,600.761587,224.6669134,801.8041313,380.3740542,1446.526017,458.6647393,523.3471764,355.8865478,856.0401832,643.3715046,242.418853,675.9818313,94.74123568,402.1357211,599.6982629,770.6229051,565.9835996,401.8406052,696.2218315,888.7336968,622.8900964,626.9565792,660.2699598,1131.509972,254.4415684,369.7414175,339.2139537,202.38139,186.2294955,1073.679417,869.8640726,780.1970035,689.0098952,842.3471804,867.531891,428.0038607
Pituitary_21,SP,310.0059873,573.5683865,322.2201644,195.3941009,1207.712495,534.0127702,300.4714513,800.1503814,387.9955345,559.6841685,530.2679751,4051.180009,143.8373289,185.1641753,374.0787903,777.1764512,445.3988219,583.4607141,408.5169677,439.1153608,782.6134454,548.5252794,402.5479262,370.6720504,564.137211,479.0980427,411.315079,337.3270755,513.8379513,774.9942091,944.5870866,1031.438451,901.2583431,2214.875837,835.0429534,732.059206,609.9921476,1067.59109,401.4585865,1880.065883,456.9299223,579.7547888,4999.070451,900.998569,216.547145,4110.871583,22783.94652,1281.59809,3922.373901,775.8288481,754.6791235,1497.24054,1404.53168,438.0199937,535.6265328,847.2509135,1039.500151,360.5934985,402.0449668,15206.7816,273.3690874,495.3623268,2607.837554,1252.64192,3252.056207,2340.010636,16219.61038,118388.2165,15488.59458,17514.69516,743.130203,1440.5483,509.1627486,10916.50756,2406.356453,4726.350974,9467.586112,1159.108088,13304.96497,14290.87316,5051.356318,6128.279115,636.735116,1541.008045,1931.517782,3081.984559,52947.20598,37456.90795,68060.82292,103620.9881,11732.88971,88354.30099,15294.28783,15259.96082,19904.7672,42219.56212,45006.43021,36631.50932,247.046072,264.5597369,245.2166632,41.94627149,38.22178986,8860.519055,1348.697774,5.576748286,8221.463127,510.5770505,5213.893111,499.3230417,298.9374588,1031.093591,642.2512323,444.1268415,690.5261953,372.5368367,531.3924916,420.4286445,446.0353397,189.5539109,924.2915562,366.728961,544.7125949,416.1446717,5478.895397,550.4176402,499.5145704,615.9725918,659.235327,424.1050502,588.5665563,690.0624112,1309.549907,602.1545263,1182.270841,607.3303593,1385.23453,751.4130255,450.6963779,644.5651699,431.1752831,427.1679344,934.8150074,594.8650423,609.0939694,488.8096871,397.796015,595.8865437,2121.603196,721.9012127,535.1207517,622.8326039,542.5560415,531.4832507,322.8003753,211.9018188,494.3059586,419.0634191,2479.790675,525.3939287,588.8201369,935.2853318,678.8528238,596.8494204
Pituitary_26,Iso,2063.284882,689.6006118,368.711931,385.4103826,1833.135037,1089.264685,1105.099328,2698.181519,1413.627141,1369.856357,1587.31532,3436.675176,659.0364887,774.0119106,819.7204797,1008.537156,820.9551875,1507.545141,2062.225078,227.6230646,489.1334034,641.8311259,2343.60094,325.1233663,547.0744598,1441.90084,2336.318835,2049.114033,1584.038374,664.2807506,1452.009902,1139.129241,1047.76832,1016.102832,1249.516828,165.6484335,699.750752,875.4246937,454.05817,2179.545405,629.5164564,1455.18452,10064.79517,1583.297106,212.9579658,1986.593445,10759.08585,989.2116403,3012.952533,2077.383823,1125.24013,433.2923382,975.1536708,223.2626181,1203.034197,410.4298195,651.3606094,462.5544187,102.1500119,1957.21353,130.7915574,206.0451058,1808.980987,1680.373308,1533.386031,1738.644267,12215.18375,64654.81935,5894.688421,5991.869396,1486.260406,2016.009284,583.0309194,7342.24732,274.018625,2034.694094,374.9962572,4056.292506,5655.956768,5764.395661,1746.690422,426.250942,146.9756997,369.9719736,586.609104,104.6178245,1497.172208,1269.815745,1350.413153,2502.254972,273.7674266,1832.902994,638.9295942,759.0599864,1080.739937,1975.209805,2206.658556,2507.66037,534.9010167,47.27003945,49.04333263,11.1856724,10.63905491,387.9126763,1145.390139,4.76958735,738.1824339,205.291366,141.9580982,362.3406143,232.7441644,372.7263994,203.9313191,274.0178815,508.0555426,262.5497706,90.27270038,136.3890543,264.2274567,642.785312,373.880098,225.9843327,325.1129652,1187.682968,4380.146727,1049.118187,976.3925289,1037.739625,1279.809735,486.8248111,504.4856197,342.8747606,1129.807763,314.8283881,615.6525577,870.2789182,702.954836,1563.207455,1271.194912,257.3024569,78.60882713,840.9029148,552.0124228,800.9040743,1178.891554,595.4317694,788.9530638,754.5689233,1673.445239,159.5931288,316.7569611,800.6835523,252.8341893,250.7510721,177.9961392,149.1160947,204.3662807,898.9169021,1356.135525,662.9971005,719.3953137,1055.782215,1468.440505,308.6339766
Pituitary_15,No,408.2306112,976.6171096,342.4586883,326.4446891,1781.853603,344.3161444,355.4607831,202.4053063,455.1361339,595.1629572,461.2160618,9120.100912,369.2448864,201.9411738,217.3973311,299.7598195,591.2598921,845.5981727,499.5226748,555.2341253,658.7416956,442.410026,711.3024868,279.5149756,340.7951559,565.8725892,422.3497457,429.4559371,455.6355713,342.3983207,563.6082828,544.2143818,353.8476914,1579.434511,420.7178117,295.6140019,546.0088827,246.7505591,265.4576082,687.2471011,297.8947874,435.6465779,1870.995243,334.1446096,81.24467633,2063.07646,19442.03006,838.887886,2501.162856,1235.092367,579.4869699,1077.981925,726.6001774,278.2881337,291.0614225,339.8800384,233.7267127,343.1538893,178.3853639,61882.48662,174.1249741,189.796137,1636.722925,2381.000393,2851.609464,2446.418404,18105.99614,762528.5737,19999.83572,26057.97819,377.262918,259.6036811,1622.790884,9829.026389,606.4966189,3409.592251,5923.434883,3323.229167,8349.269515,15243.32954,2042.004287,4194.907957,239.637285,723.0882513,1096.336804,3455.392072,63981.35058,32799.12411,81073.24443,116169.6393,16043.03417,114082.7543,13007.2931,14292.58317,15706.8397,63028.19632,53435.91166,40721.06928,469.1185792,75.71513799,69.22669623,19.10695122,433.5441784,15337.27118,1316.049758,9.546823313,10618.03977,393.5959728,11216.44232,408.0396306,255.7695924,829.6872127,531.464887,405.0945661,257.4442612,368.1357746,520.9479681,466.2562692,457.9193043,238.9477766,553.3358286,331.1015428,205.7843881,320.5184661,1928.306929,388.74018,286.6674138,462.68641,505.2110723,199.1069452,317.1162728,486.9687231,945.7860441,158.8873534,341.4543189,311.3742695,1094.018813,750.2984781,584.981144,299.4547513,83.46098243,308.9179932,518.1110808,345.4969408,355.827366,302.039972,723.5448639,319.6972187,1465.945512,223.4195601,303.3757098,353.5811989,903.2799209,378.5866724,422.1450971,245.4066281,447.3675217,352.8291468,1489.512682,287.1728155,232.7554103,853.7528978,698.5226425,219.1377781
Pituitary_24,No,2649.950538,1945.91551,1602.491483,666.9211746,2423.541294,1478.360352,1349.212152,2331.92391,2254.011739,2825.595726,2103.811911,7817.956319,981.5541697,1120.168465,1286.543797,1386.01674,968.1920072,726.5184276,1215.007403,543.3308538,2032.167707,1130.524371,3140.686601,414.5642103,618.3729186,1878.242616,2472.773347,2383.580591,1626.329313,1481.550438,1255.261372,850.5947494,699.668071,729.2176471,802.27284,310.5923863,824.6841386,1235.429143,687.8080104,1719.29117,1160.685586,2101.934535,7631.169021,574.5909272,763.8682889,2810.736988,15496.15641,1682.384965,4789.627272,2172.38068,1173.293678,1585.220543,1463.875005,199.1239619,2003.542814,2111.688579,2772.76599,1241.218708,171.1403024,8193.072001,78.04398014,190.843579,1646.76096,2116.591528,1293.52992,4213.163239,11777.0431,195106.0964,16499.7054,23909.55403,1637.433607,1794.443598,4254.742797,14099.44222,7816.988743,2278.115985,7456.619368,6017.363407,16537.73692,2087.198715,1191.669529,2002.176368,428.4453335,1186.472359,1329.416814,1139.091998,19024.9772,16383.80298,28432.60781,30758.65415,2991.060266,20086.06777,8716.194769,8057.857198,10577.65792,20626.68113,23251.65162,15830.2701,523.05529,390.6640334,87.89908014,27.05409413,148.4632692,2587.228269,839.2400426,155.9161334,3176.324006,389.6861325,1120.260025,772.6739967,457.8060772,943.7491435,500.4308612,498.1635309,380.9654383,469.5500583,520.580947,299.4098983,348.6989011,171.2800298,868.3521601,908.1633309,1022.255095,1313.776258,6248.745906,1613.243427,1391.082864,1549.150389,1644.420202,1710.106124,2437.592555,2177.412591,4192.115774,905.6710985,1362.48851,2789.820102,2703.366951,2569.060181,1912.454914,478.0842058,249.539414,983.762349,3396.908011,1544.316319,1677.975433,1708.799166,1241.877422,241.1680715,528.3559086,313.0008733,1177.175808,1268.67406,551.3804965,536.0139104,467.7594687,233.8976635,397.1592769,1809.597589,3666.536285,943.7927117,2042.114389,2262.680132,2382.736725,1145.057107
Pituitary_17,Iso,1156.156026,626.5571924,306.4919443,535.5579129,1930.439819,765.8975317,475.9356781,1048.613526,1409.151395,1593.675098,1792.78324,4476.410473,617.4292357,684.305249,620.6442438,538.6565056,859.1902581,1303.172067,1785.692699,317.1612032,488.5018527,754.5975778,2412.411447,123.9234951,494.2948289,2670.050777,2084.574521,6652.801991,3147.147329,922.2651474,537.0611948,572.6539299,431.7571957,641.7115294,590.1777214,277.8390074,543.0623026,368.1578845,390.8547271,2651.243393,579.6359198,2267.418331,4428.450416,429.457916,214.0250159,2444.11912,11669.07535,1648.538167,2498.216643,2291.798097,1915.031061,943.2309149,1756.132735,132.2127922,1511.444579,1579.094557,2896.249495,1317.568876,144.5319162,6335.340559,860.4460942,70.98919421,1626.59654,1964.571142,2442.32922,2220.688124,11055.22433,123152.0751,18287.17349,24741.67308,1631.920362,1258.557714,4175.951264,16113.64825,8148.292962,2239.903168,1672.193817,8439.145544,2465.15641,3915.589572,376.1937141,435.9951628,172.1562407,590.5848447,1053.038056,390.3501635,6643.147775,5362.570051,10865.31799,11947.57641,840.9370715,10061.80591,3241.396694,3360.347374,4460.164516,8693.890392,9731.246789,5343.071416,686.9303067,572.400998,11.80359076,316.9508719,9.278954327,7557.966045,3381.285969,24.42786616,5953.207025,471.1130856,3526.187594,414.0115684,242.8736466,1489.762973,710.0230807,712.0642561,217.7908612,303.6351416,625.6104363,147.1888996,583.4439129,53.40606485,343.2448633,158.6175681,304.0039661,1276.239793,2458.037489,1178.625335,763.8200406,1668.930059,1437.196518,303.3579559,1146.203396,760.3663015,3399.598019,188.2654882,688.4341682,1154.888122,1101.314832,1051.898657,761.5464179,203.7753064,536.4802436,239.3260482,1405.084677,1377.530156,742.1111392,587.7349599,792.5435911,913.5170928,2301.989474,754.0226637,371.3297216,541.3009322,73.5685955,401.6745845,395.7964735,150.3372769,225.2637774,1079.295705,1685.830704,299.0774237,1151.752515,1441.546213,1843.926913,265.271563
Pituitary_23,No,849.2119484,1047.482179,1318.244922,1164.080596,1636.677237,581.8446365,816.5135029,1158.43962,871.6562879,1192.812036,866.6866346,4560.474519,765.1900785,793.271053,304.5035821,593.7821714,1109.253094,1211.950023,1300.917018,557.2232491,1838.720974,705.2057364,994.550757,193.1661195,281.445423,952.9319152,1169.914272,1191.790295,1033.283054,2000.093091,929.528991,558.2776806,597.8176556,635.8777883,799.1989977,554.5485878,391.7020325,381.3907034,195.8286517,329.3969064,518.8448356,418.0643273,4744.768303,180.7797156,90.93107031,1476.655302,9696.837266,997.4850502,2473.399921,904.5234174,241.8513405,325.9331957,218.0294398,340.3042304,422.2378607,270.9688885,292.9926815,690.0609583,76.19674241,10908.21795,223.70365,294.3454394,1727.41864,2701.285321,1741.290277,2584.951195,15614.07972,139064.9836,14987.23241,22023.41752,501.1539221,491.9362493,1422.187176,6033.545095,1387.896054,1996.260545,3719.778083,1441.32837,3746.831021,1210.36008,2351.340524,350.1876042,281.0912631,383.1178903,671.7053378,610.6354897,6042.769396,5494.166862,17855.45205,7151.598927,969.9444631,3078.612257,1490.251895,1360.417449,1701.199362,5966.395367,5812.912905,3268.368153,200.3776098,623.4361767,428.3375991,62.69558331,29.60991158,207.7931366,315.0190885,34.46671527,768.1557451,630.113752,724.033828,283.3875976,175.8147282,277.3680477,73.5927737,41.09145509,148.0033871,126.8761127,116.6740631,150.9629739,173.4378194,293.7928289,878.0005174,1063.670751,505.7824227,493.7488793,4575.503519,458.9272398,214.5899132,834.3053232,498.6737684,449.0887386,1425.112888,363.7661511,913.7773019,501.9343328,505.0913871,1314.902741,668.1617181,1368.816842,572.5912917,198.6626643,166.3596093,1084.7844,1195.094,741.271833,1133.273168,1287.346457,946.0847996,235.3800378,961.4071121,427.1927929,524.2587082,561.740681,352.4841893,313.0106294,505.5400412,391.9124973,511.9631304,550.6346948,2211.561569,683.7253867,699.2199668,1538.865789,1412.879063,385.5025592
