name,20211105_QC1,20211105_QC2,20211105_QC3,20211105_QC4,20211107_QC1,20211107_QC2,20211107_QC3,20211108_QC1,20211108_QC2,20211108_QC4,20211108_QC5,20211110_QC1,20211110_QC2,Pituitary_04,Pituitary_05,Pituitary_06,Pituitary_13,Pituitary_15,Pituitary_23,Pituitary_24,Pituitary_25,Pituitary_31,Pituitary_32,Pituitary_07,Pituitary_08,Pituitary_09,Pituitary_16,Pituitary_17,Pituitary_18,Pituitary_26,Pituitary_27,Pituitary_34,Pituitary_35,Pituitary_36,Pituitary_02,Pituitary_03,Pituitary_10,Pituitary_11,Pituitary_12,Pituitary_19,Pituitary_21,Pituitary_22,Pituitary_28,Pituitary_29,Pituitary_30
DEGHDPVHESPVDTA,5550,5890,8280,9220,10700,10400,7540,8890,7970,11900,8550,9750,9720,9280,9080,6210,5760,3990,8300,25900,9020,11300,5680,2070,11600,0,7060,11300,0,20100,24700,28000,19200,19600,1940,10300,8060,2760,5040,46900,3020,19600,9510,1070,7310
DGVAELDQLLHY,13800,0,4410,6910,4640,0,0,0,0,0,0,0,0,35800,37900,68400,0,37100,34900,30900,43800,13900,18900,29900,12300,0,35300,24300,0,15900,25600,18200,28700,30200,0,22100,0,22300,16000,0,18700,51400,29200,0,11700
DPVHESPVDT,10300,5600,6110,6590,10600,5870,5300,8840,8680,6960,7620,8020,6430,9240,3200,0,5570,7370,7590,14100,8510,7020,3620,5650,5260,2880,6130,4540,0,5230,20800,12000,4650,7130,0,5500,5250,3510,12600,27000,4350,18500,8730,4340,5710
DPVHESPVDTA,18100,14200,19800,18000,19500,17000,14000,21000,16300,14500,16500,23800,27200,0,9570,19200,8340,8300,32000,38900,11500,13400,19200,0,20800,0,9470,7440,0,8010,41100,30800,13000,18600,4490,12700,16900,7670,16100,114000,7000,29500,20400,5690,16300
ELDQLLHY,36300,50100,75400,51200,49300,53900,51400,41100,46400,46800,47000,63100,42200,0,37000,65400,7990,18100,57600,33000,18200,56700,45200,21000,38200,0,23300,26500,0,21500,34800,30200,35200,54400,19900,23600,43200,12600,26000,257000,10900,36500,99300,95000,11300
FNPYFDPL,11800,8110,11600,6900,10400,7790,8330,8210,9240,7940,7920,10100,9530,30300,29500,22000,5390,17000,15600,23100,15900,10100,6320,9810,9910,4680,0,18400,5820,17000,23200,26400,23200,31000,11500,10700,18100,6420,10500,47500,11200,16600,23400,6500,6720
GRGREPGAYPALDSRQE,18300,17000,24300,26700,27100,20100,23700,26400,0,33400,27600,35500,35100,0,14800,14300,22000,11600,19600,49800,19300,29900,30500,0,24500,3650,11400,25800,0,35900,44100,40800,30100,15500,13700,25900,22100,6980,27600,58400,17600,24500,15300,8320,16400
GVAELDQLLHY,0,32800,0,42200,40100,80200,0,34900,32300,38400,34400,10100,19800,95900,105000,0,22500,0,0,0,49100,0,0,86000,41500,0,42800,0,0,0,58900,0,50200,61200,33100,30800,0,0,52100,124000,0,82500,139000,0,65000
KRLGALFNPYFDPLQWKNSDFE,0,0,0,0,0,0,0,0,0,0,0,0,0,0,0,0,40800,91700,26000,37300,72100,12800,11400,0,27200,19800,77000,37500,0,25400,11400,17400,23700,13400,0,22500,18400,26700,9790,0,35200,0,9190,0,14300
LDEGHDPV,7270,3980,7360,5560,5650,2800,4240,7400,4170,7180,6370,7470,6770,8470,4290,4550,2660,2460,5610,9270,4990,6160,4200,0,7340,0,3290,3270,0,7650,9890,8860,13200,12600,2420,6140,4880,1480,2790,22700,2080,8350,1100,0,1480
LDEGHDPVHESPV,3560,5350,0,5030,3850,5140,5990,3810,4500,3900,3210,0,7940,0,2860,0,1740,1060,7700,15500,0,908,0,0,7350,0,4970,6970,0,11600,17300,14800,15200,15300,3090,4490,2940,784,959,36400,3440,7250,0,0,1520
LGALFNPYFDPLQWKNSDFE,0,0,0,0,0,0,0,0,0,0,0,0,0,21300,63200,49900,115000,199000,21300,20000,29900,0,7820,18300,16800,71000,63300,5360,10400,1690,1500,0,8310,25400,0,0,2580,18500,2080,354,12800,10500,8290,2160,446
LLDEGHDPVHESPVD,46400,38500,41100,47000,46500,0,38600,44300,49800,62800,55500,86900,45700,0,37300,52500,0,30000,55300,143000,53900,53500,25900,0,0,3800,0,89400,0,94000,124000,111000,80300,143000,0,38700,73700,0,33200,159000,25800,88900,60800,0,29900
LLDEGHDPVHESPVDT,88000,88000,95600,86700,89800,99200,66300,91200,87600,119000,92700,104000,98000,69400,97100,109000,63900,60900,122000,289000,125000,90900,30400,11800,116000,42800,75100,163000,0,140000,277000,196000,136000,210000,65300,53100,104000,30200,74700,261000,57200,225000,86000,32500,95800
LLDEGHDPVHESPVDTA,290000,234000,250000,269000,251000,24200,227000,266000,289000,331000,287000,283000,280000,125000,219000,276000,212000,132000,248000,602000,206000,296000,160000,71300,446000,79200,265000,513000,0,455000,802000,654000,653000,765000,248000,166000,372000,108000,161000,1060000,152000,599000,291000,94800,148000
NPYFDPLQWKNSDFE,6600,0,10700,10900,6480,9370,3850,1360,0,3230,2090,4970,0,66300,27200,27100,22400,43000,21700,37200,63900,11900,10600,16000,17400,17600,76100,21300,0,15100,67800,32800,9220,38700,0,19800,0,31700,25100,80100,17800,101000,21200,8840,29300
PFSEDVNWGYE,0,0,0,6360,0,0,6590,0,0,0,2050,0,0,0,0,0,0,0,31900,26200,31000,0,0,0,0,3350,42200,34400,0,20500,35700,22200,12400,49600,0,0,0,20900,0,0,0,55900,0,0,22000
PVHESPVDTA,7080,6310,7530,9390,9970,12500,10800,10600,15400,18100,23500,19400,17400,12500,14100,12800,7540,7050,14500,18600,11700,12900,2710,0,17000,0,9590,11700,0,12600,28800,18000,22500,10600,5940,9230,9240,255,14100,17500,2750,24400,2180,2300,0
Q(-17.03)KIAEKFSQ,0,37700,9580,13600,28900,13800,7980,19000,36400,38900,0,19400,17800,13000,16400,26400,218,4650,18200,25700,12500,19700,2380,0,17600,0,7540,15700,0,18100,19700,20300,25000,19500,13300,9370,6680,2990,6030,40800,4330,11900,13800,0,5330
Q(-17.03)KIAEKFSQR(-.98),12300,17700,16900,22400,20400,20500,20000,20400,24600,20800,27900,38000,27600,21700,26200,34100,15100,6770,9420,39800,12000,18500,11600,13500,20400,0,8870,19200,0,25200,33700,47400,43600,23600,14300,23400,27100,3130,17000,63200,11500,21100,12800,4970,6100
QYDDGVAELDQLLHY,0,1530,2000,1590,0,2260,0,0,0,0,0,0,0,165000,253000,117000,134000,359000,125000,79000,205000,29500,113000,125000,86100,2940,246000,63400,0,30000,131000,29800,84300,158000,9760,30600,55300,107000,51000,77700,131000,228000,14200,2840,32600
SEES(+79.97)QEKEY,4410,4190,4260,4180,4780,5360,3820,3170,4450,6690,5650,5570,7070,9270,10400,3090,6840,1850,3770,8800,13300,3850,6860,5070,5670,830,5300,3420,0,6190,14100,9000,10200,10600,3080,8690,3450,1940,8790,16400,4770,26100,868,1300,1790
YDDGVAELDQLLHY,0,0,0,0,0,0,0,0,0,0,0,0,0,37800,28000,21200,0,27600,0,8550,13700,0,19900,22700,6000,0,20100,5000,0,0,9240,2390,4700,9420,0,0,0,16700,4690,9820,5790,34800,10200,10200,2220
PESAFSE,15100,16400,18700,14500,17800,17800,13400,19300,12800,15700,12700,19300,14100,15200,16600,23000,6610,9650,17300,15100,15100,40400,13100,13500,19700,7590,20200,13400,0,13400,28000,33300,42100,78900,11300,10100,16200,5410,6210,0,7270,44200,10200,16300,3180
AGTQESVDSAKP,3500,3290,10200,5230,5310,5860,4080,3650,5240,6950,5740,6010,6130,3850,4630,4260,4010,5190,7440,4460,4640,5770,7410,3510,2510,0,2270,8000,0,9250,14800,2250,9940,14100,1550,11500,3970,2650,4470,0,3580,11800,702,983,1910
AGTQESVDSAKPRVY,76300,116000,110000,94800,119000,144000,108000,132000,82100,170000,136000,143000,182000,58900,73400,89700,88400,77900,212000,198000,127000,246000,129000,76300,80600,20700,54800,291000,1920,315000,290000,138000,280000,552000,62700,178000,125000,59800,71100,0,62400,308000,72600,25000,57100
EGFFRLT,21600,29100,30300,32000,24900,35000,31200,35300,30000,34100,35000,33300,28400,35100,69200,60700,10100,18000,0,16600,4770,20300,23700,31800,34100,0,3560,9690,0,7620,9560,0,18300,14500,54300,14200,50100,5030,28900,0,14700,17900,31600,67500,0
ESVDSAKPRVY,1490,0,0,0,3160,6960,0,3250,2820,3930,5360,0,5770,4190,19000,6470,3600,3230,9410,10400,1020,5060,0,0,4810,5310,1010,2500,0,2350,4230,3390,0,3730,5080,4550,6570,1490,6890,0,3760,13400,8270,0,2790
GPARELLLRLVQLAGTQESVDSAKPRVY,0,23300,40000,0,0,0,0,11000,0,0,0,0,0,0,9190,0,272000,298000,94100,219000,214000,103000,91000,6420,88400,37400,218000,192000,0,173000,0,108000,319000,118000,192000,119000,225000,0,40900,0,210000,0,118000,0,78500
GTQESVDSAKPRVY,16500,22000,27700,15700,27800,0,25600,26900,25600,26000,36900,33100,40000,0,62100,77400,27400,16000,25700,41200,19800,49500,35600,0,0,0,9490,27500,0,22700,29300,34900,43100,65300,35800,31500,52900,8850,34500,0,19400,57500,28800,39800,10700
LVQLAGTQESVDSAKPRVY,24700,34100,24000,15500,36000,34800,33300,22600,40700,35900,32200,37100,51200,26800,65800,24500,33800,28100,43700,138000,36500,72300,31800,5070,34800,5370,0,106000,0,85000,132000,72600,101000,183000,73000,33200,107000,17300,15900,0,14600,156000,74700,13500,24800
SVDSAKPRVY,19800,43900,37500,30700,37500,35100,36500,42000,43100,65900,71900,49100,75300,101000,125000,73000,36100,17800,13000,27900,32000,28000,40800,101000,40100,33200,9800,8340,2980,20700,11100,22000,52600,22800,52600,29800,59400,3870,102000,0,23600,46300,7950,46900,245
TQESVDSAKPRVY,59800,51900,62200,70700,72500,77700,72800,76500,82700,88200,91300,94900,112000,76900,269000,145000,55200,32600,27900,61300,42700,79300,126000,235000,86700,44800,15400,49000,0,51300,35600,49800,71400,65700,126000,59600,131000,20800,165000,0,52900,74500,63200,161000,11200
VQLAGTQESVDSAKP,16400,18300,16100,21900,21400,20000,14200,21300,22000,20700,12200,26300,20700,14200,11400,25400,8140,12400,20700,40800,11600,33900,17100,17100,20400,6940,16200,58000,0,31300,42400,14100,38300,73800,22000,17800,26100,10900,14600,0,10400,28500,21500,9180,9230
VQLAGTQESVDSAKPR,12600,13500,20700,12400,13000,22400,12000,14000,17500,14700,15900,16900,21200,9900,17300,15800,16600,7300,22000,46500,11100,18800,19500,0,1430,4440,9750,39200,0,38000,56900,24900,51700,59800,22100,26000,17400,7830,12900,0,6690,40100,15200,0,11200
VQLAGTQESVDSAKPRV,7080,15600,14000,10900,11400,9630,14600,11500,9350,14800,9140,16500,9750,0,5660,14400,8050,5750,14600,29200,8840,28700,10400,0,10200,1340,9590,81500,0,27700,19300,10200,24900,40400,8670,14500,11500,3800,9390,0,4560,23600,17700,1400,7410
VQLAGTQESVDSAKPRVY,481000,372000,502000,468000,523000,500000,421000,489000,450000,551000,548000,646000,486000,186000,401000,535000,336000,256000,568000,894000,352000,862000,405000,169000,496000,105000,391000,1730000,19700,894000,1070000,523000,841000,1620000,603000,465000,580000,235000,338000,0,290000,1030000,556000,197000,257000
AEAFPLEF,33900,38600,39600,33500,19500,27500,27300,25600,20100,27500,25400,28900,26600,27300,140000,46300,72500,9280,54000,40000,15400,11900,50900,98800,65500,145000,95600,24900,18100,18000,16500,45800,56000,59000,49300,5510,87400,11200,20800,11600,21000,81600,81200,35000,16500
AEEETAGGDGRPEPSP,0,10400,8240,9450,12300,11700,10100,12300,10200,13800,12900,12900,11800,7580,13600,4610,10300,7200,11700,15800,14100,13500,13700,11000,10900,4570,10000,6760,563,18600,31400,17600,18800,37700,3870,16000,7810,8040,6870,13100,12100,50900,8220,2500,10700
AEEETAGGDGRPEPSPR,23600,21500,20400,26100,35500,32700,28000,24500,31500,44000,44000,39400,41800,22100,68800,18800,50600,22700,23300,35500,39100,27800,52500,36800,35800,5640,26000,23900,2950,47600,80100,50300,47600,45300,9450,40100,38000,19500,39200,9160,43100,144000,14100,9270,32100
AEEETAGGDGRPEPSPRE(-.98),1120000,1150000,1240000,1470000,1860000,1780000,1660000,1460000,1890000,2420000,2060000,2310000,2340000,1150000,3350000,808000,2420000,799000,1350000,1580000,2260000,1610000,2340000,2100000,1530000,313000,1260000,975000,96400,2360000,5030000,3020000,2080000,2160000,531000,2160000,1330000,663000,1780000,1340000,2030000,9040000,733000,379000,1670000
EAFPLEF,44500,24400,18900,19300,15300,7340,20100,20400,18400,15700,17800,18400,16100,57200,63000,86500,0,27600,10900,12500,16300,23200,36100,59300,45300,134000,44600,11000,60200,17800,7950,6330,24500,18000,43800,20000,49000,9930,14900,5730,38800,220,42700,101000,0
EEETAGGDGRPEPSPRE(-.98),18100,17100,18500,22200,26800,28400,26400,24200,28500,33400,30800,36100,30700,24700,49700,19000,37300,13800,26000,26100,36800,29800,40100,39900,24900,4300,19900,19200,1270,41000,89200,44600,24500,26900,7020,52200,22300,12600,34100,32700,27400,137000,7270,6030,30500
EETAGGDGRPEPSPRE(-.98),4170,6530,8490,8100,17200,10700,14500,11100,10000,15600,22200,21200,13200,7130,32300,2330,13100,5500,9820,5500,11800,4320,10600,2860,6550,323,11000,4920,98,3100,38000,13400,7150,5700,3210,12900,3500,426,8290,13500,13700,35300,895,849,1670
ELEGEQPD,5920,6730,7570,6040,6800,7460,6570,5240,7680,11600,10100,11300,10900,9620,20800,13900,7130,5960,4270,8990,10700,7880,2010,6650,14300,6450,9150,5920,1100,7640,10100,14700,10300,10400,3580,5900,11500,95,9570,2500,6660,22500,1730,8360,0
FMTSEKSQTP,8470,9060,9620,15300,13200,13700,9400,15700,14700,10900,14900,14200,23600,14600,25300,19900,12800,4050,0,25000,8570,5880,7180,11400,0,2050,15700,7450,8880,12300,22900,48100,7040,27100,2830,4410,19600,6310,0,3530,15000,17500,0,4790,6120
GPYRVEHF,7020,7540,7090,11700,8910,11100,8240,8070,10500,16000,8870,15500,9820,0,13600,16500,5110,3420,2440,8570,4350,8440,7630,9700,18900,12000,6450,4870,9640,5870,4530,13800,10000,0,6300,5320,23800,1600,5040,0,5190,6970,12900,11200,2000
GPYRVEHFRWGNPPKD,14500,67500,89800,90200,64600,95500,86400,92900,105000,96500,81300,23800,92100,0,7190,11300,94300,41300,20500,107000,64100,91900,126000,66700,146000,33700,85700,165000,0,131000,48100,150000,79700,7720,82600,110000,153000,2590,81500,0,113000,8270,67700,74300,97200
KYVMGHF,47500,56600,65800,62000,56900,78100,55800,77800,60900,68300,65100,76200,70300,68200,76500,87700,32200,21100,36700,82100,28600,71800,36800,46100,81100,18700,32400,41000,26700,44500,47000,130000,89100,82000,53000,28400,142000,22100,26100,0,32300,44800,40100,55500,13200
KYVMGHFRWD,283000,256000,344000,353000,346000,350000,322000,357000,375000,364000,347000,333000,346000,5110,167000,298000,155000,150000,144000,724000,194000,356000,141000,79700,536000,104000,227000,781000,20400,502000,389000,703000,432000,127000,221000,305000,412000,94600,130000,17600,200000,72000,250000,119000,171000
MEHFRWGKPV(-.98),0,74800,0,68100,80900,0,38400,105000,94100,0,0,0,0,20100,81300,220000,48800,0,0,155000,100000,103000,0,0,151000,40300,82000,144000,0,150000,138000,222000,112000,85900,101000,44200,0,39600,0,6950,86300,54800,59000,0,74200
R(+42.01)PVKVYPNVAENESAEAFPLEF,0,83900,82100,65900,63700,59700,59700,24700,0,23100,31300,34500,17600,9510,81600,43100,33900,54600,120000,193000,442000,0,0,98700,72700,0,230000,112000,0,302000,117000,440000,510000,68400,35500,41800,95300,60900,67400,0,150000,200000,85800,31500,54600
RAEEETAGGDGRPEPSPRE(-.98),0,6190,3970,4520,7650,0,5130,0,0,11000,0,7630,14200,1690,0,5240,20300,3190,2130,6770,20100,4150,18000,24300,3730,0,4670,5060,393,13900,26000,16200,9510,2900,1360,18400,10600,1530,0,2550,7910,26000,1880,951,7510
RPVKVYPNVAENE,29900,0,33300,41100,39200,68600,52200,66600,51000,88600,70900,88100,88800,0,106000,133000,16700,6870,7690,64600,19900,26600,21400,126000,93200,76200,26900,18100,14600,17800,22900,65900,31500,39400,25600,16200,61600,6590,26000,0,18100,34100,80900,81800,13100
RPVKVYPNVAENES(+79.97)AEAFPLE,688000,710000,750000,759000,706000,676000,631000,672000,513000,568000,532000,492000,438000,432000,2210000,1580000,1410000,1030000,725000,1380000,1250000,1330000,1180000,895000,2030000,672000,3050000,1200000,100000,1010000,1590000,3120000,926000,1790000,612000,626000,1740000,803000,433000,151000,2090000,2860000,1220000,907000,1230000
RPVKVYPNVAENES(+79.97)AEAFPLEF,2360000,2280000,2160000,2160000,1760000,1740000,1500000,540000,512000,468000,424000,529000,348000,3920000,10500000,3570000,7210000,9130000,4130000,6600000,6210000,3690000,4440000,6080000,5340000,2580000,15100000,4970000,516000,5100000,501000,7230000,4860000,9750000,1650000,4120000,3910000,6300000,3800000,190000,10800000,1250000,4030000,2020000,4490000
RPVKVYPNVAENESAEAFPLE,467000,513000,605000,598000,632000,466000,608000,697000,575000,607000,604000,543000,449000,146000,977000,1060000,458000,454000,501000,845000,659000,969000,687000,564000,1350000,329000,1080000,828000,0,565000,998000,2600000,704000,869000,634000,401000,1460000,290000,327000,155000,732000,1060000,1110000,806000,803000
RPVKVYPNVAENESAEAFPLEF,2130000,2600000,2370000,2350000,2160000,2160000,2180000,1330000,1230000,1200000,1140000,1390000,1110000,1090000,3390000,3180000,2710000,3160000,2990000,5790000,3480000,2800000,2140000,3050000,4540000,1520000,6520000,3020000,260000,3810000,4790000,5990000,4410000,4450000,2090000,2320000,3980000,2070000,1980000,188000,4960000,5250000,4920000,2480000,4070000
RRPVKVYPNVAENESAEAFPLEF,0,68100,30200,0,0,52200,33700,0,0,34600,25700,46900,0,0,27100,0,43400,48900,35600,85500,75000,100000,42800,0,90200,0,45700,90200,0,81400,52600,78000,58200,64300,0,58800,107000,40900,0,31300,30400,55100,0,0,63500
S(+42.01)MEHFRWGKPV(-.98),198000,154000,214000,203000,216000,233000,218000,204000,203000,228000,207000,228000,224000,72600,281000,286000,107000,129000,53800,261000,112000,306000,110000,94000,438000,43300,96500,426000,0,249000,346000,229000,197000,131000,273000,251000,272000,27300,75500,16100,167000,106000,252000,115000,70400
S(+42.01)YSMEHF,441000,418000,407000,401000,441000,385000,421000,430000,426000,445000,420000,453000,381000,186000,1250000,731000,368000,464000,132000,642000,172000,693000,298000,193000,700000,236000,518000,382000,58800,191000,408000,472000,274000,1300000,629000,153000,1780000,419000,251000,33800,660000,599000,456000,479000,128000
S(+42.01)YSMEHFRWGKPV(-.98),3730000,3610000,3990000,4350000,3640000,4100000,3650000,4680000,3380000,3900000,3810000,3960000,3910000,1330000,6720000,4700000,3080000,2810000,843000,5660000,1990000,5060000,2540000,1640000,5050000,1370000,3880000,6790000,141000,3770000,6790000,7160000,2820000,2850000,5330000,3830000,5960000,821000,2640000,355000,5430000,3190000,4670000,1430000,2540000
SAEAFPLEF,38600,33000,61000,57300,41800,47300,43600,48700,44200,48200,45200,48600,41100,179000,150000,291000,12000,12800,14800,8660,22300,26800,17500,156000,62300,261000,12300,5750,253000,10500,12300,19900,24800,14600,30900,0,111000,11800,43400,2820,20600,42000,131000,298000,7010
SMEHFRWGKPV(-.98),239000,206000,228000,305000,192000,217000,211000,212000,184000,283000,206000,250000,197000,0,165000,30200,46900,68100,96100,456000,155000,167000,69100,139000,308000,15800,301000,344000,0,283000,403000,726000,290000,215000,463000,91600,370000,89500,58500,49800,126000,161000,198000,221000,175000
SYSMEHF,9030,0,9190,9460,10800,10400,6650,12000,7350,13000,9140,12400,9520,4110,33200,15300,12600,3730,2900,22600,0,10500,6000,4310,9400,3690,10700,16900,0,4510,12400,6600,3630,38500,7180,2940,49600,3660,10600,15200,9310,23300,23100,6430,5600
SYSMEHFRWGKPV(-.98),714000,658000,821000,963000,806000,836000,750000,927000,879000,901000,751000,980000,858000,40300,953000,480000,941000,210000,261000,2470000,347000,554000,526000,306000,934000,323000,726000,2580000,31800,584000,940000,1640000,571000,358000,466000,298000,1170000,99200,558000,328000,932000,463000,988000,151000,626000
TPLVTLF,28900,29900,27900,19900,25000,24200,26200,28600,25400,23800,18200,30700,17300,58000,68500,138000,0,9000,0,0,0,7120,8860,48300,32600,103000,0,0,92100,0,0,10600,4030,8270,24600,0,92900,6060,8990,938,9570,6500,8770,154000,0
TPLVTLFKNAIIKN,17800,15600,18000,20800,16100,18700,18100,18300,20800,19100,15900,19900,15400,16100,30400,94900,1630,3230,1260,2830,4480,5110,5810,35900,40400,52400,4560,2390,21800,1870,0,7270,7310,0,12000,2870,23000,1860,11300,0,7360,1420,43900,61500,1230
TPVFPGNGDEQPLTENPR,32400,46800,27800,36100,48000,33600,21700,32400,18900,32800,36700,40200,48200,13400,71000,141000,0,0,1580,6310,2530,0,14300,106000,62400,81300,1130,0,6330,9130,0,3530,20700,0,0,0,0,2670,12400,0,17900,1260,0,174000,0
Y(+42.01)GGFM(+15.99)TSEKSQTPLVTLF,5110,4470,3880,2600,2450,1040,0,0,0,0,0,1650,0,53800,86800,38900,127000,129000,22900,17200,56100,9550,22200,24200,87300,65100,288000,13300,10400,4080,43300,39000,17200,92400,2030,0,30400,128000,6870,339,31700,83000,3390,0,19500
Y(+42.01)GGFMTSEK,49800,65000,63400,68300,44900,77700,44200,62100,57500,42600,65300,68300,54000,69000,66800,272000,3020,10600,13300,4640,23900,0,10900,92500,114000,131000,12100,0,61000,7990,3290,19900,19300,8380,28400,4880,93700,6740,14500,0,16700,15100,84200,324000,0
Y(+42.01)GGFMTSEKSQ,51000,31700,41000,48300,36000,54000,37600,57700,49800,0,47800,42100,57400,63100,120000,210000,9150,9100,15300,9920,18800,19700,18400,78800,119000,0,10600,3690,0,9650,0,47600,40100,13000,63800,8690,144000,7570,28300,0,23200,10100,65300,314000,495
Y(+42.01)GGFMTSEKSQTP,15700,10900,24000,9880,11600,10800,0,14300,9850,15700,19600,13900,12900,15800,32300,33100,0,24400,25700,24500,19900,34300,0,0,37600,0,70000,24200,0,27400,62900,56500,26600,71600,8460,12800,29000,27000,0,6120,39500,60300,19900,0,17100
Y(+42.01)GGFMTSEKSQTPL,131000,130000,122000,108000,105000,98400,111000,103000,104000,91200,84500,112000,74300,113000,248000,420000,124000,233000,231000,181000,179000,224000,122000,55200,240000,0,444000,168000,0,165000,298000,389000,163000,442000,113000,129000,322000,298000,51900,0,123000,257000,259000,62500,140000
Y(+42.01)GGFMTSEKSQTPLV,0,19100,30200,47900,33000,24600,24300,22200,19800,26800,0,26500,19500,39400,94700,120000,49800,70300,0,28600,30200,42900,30400,22200,0,0,150000,54000,0,40000,68800,115000,0,143000,25400,39500,81900,93000,13300,8490,0,91600,51700,0,42500
Y(+42.01)GGFMTSEKSQTPLVT,368000,297000,358000,337000,321000,339000,289000,291000,273000,282000,276000,233000,201000,170000,1030000,812000,415000,559000,589000,960000,474000,581000,311000,264000,731000,153000,1110000,506000,96000,425000,880000,889000,389000,1640000,305000,311000,520000,747000,257000,31800,572000,1330000,1100000,215000,514000
Y(+42.01)GGFMTSEKSQTPLVTL,124000,125000,132000,102000,83100,84600,59800,45700,43100,23100,16900,43200,16100,224000,490000,516000,296000,538000,411000,310000,376000,307000,242000,179000,303000,90800,1070000,291000,66100,363000,459000,519000,209000,630000,96900,252000,556000,533000,111000,35800,482000,724000,239000,123000,300000
Y(+42.01)GGFMTSEKSQTPLVTLF,14500,8230,8540,5460,1350,0,0,955,711,0,0,0,200,339000,497000,359000,369000,1580000,201000,282000,390000,98000,151000,220000,196000,189000,1500000,178000,0,148000,201000,251000,105000,608000,25800,34800,621000,1560000,20600,1290,271000,739000,20300,59400,210000
Y(+42.01)GGFMTSEKSQTPLVTLFKNA,2450,7100,3120,0,0,2730,0,0,0,0,0,0,0,12700,22000,0,17400,24900,4880,12500,6650,14000,10800,13500,15700,0,37000,6070,0,15900,0,28200,10800,29600,3430,0,23500,26800,6690,0,20200,44800,13500,0,18200
Y(+42.01)GGFMTSEKSQTPLVTLFKNAIIK,25900,22100,20700,16600,11600,0,4690,2120,0,0,0,2340,0,10200,124000,91000,59100,133000,109000,120000,90600,107000,54100,64600,95200,0,230000,133000,0,39200,72500,88900,63300,124000,21900,58700,24500,104000,30700,0,103000,105000,218000,11700,126000
Y(+42.01)GGFMTSEKSQTPLVTLFKNAIIKN,144000,108000,137000,86300,56200,55300,56500,33500,15900,9000,0,36600,2620,102000,579000,399000,316000,762000,397000,431000,550000,322000,297000,268000,428000,102000,1040000,446000,26400,195000,373000,486000,358000,510000,161000,298000,306000,617000,131000,0,570000,418000,534000,79500,341000
Y(+42.01)SMEHFRWGKPV(-.98),155000,136000,190000,162000,175000,204000,214000,187000,201000,174000,200000,199000,171000,46500,161000,236000,59000,71500,90900,297000,121000,191000,58100,97900,390000,97600,184000,296000,0,286000,329000,493000,180000,192000,140000,102000,211000,57200,81400,10000,143000,129000,157000,85300,102000
YGGFMTSEKSQTPLVT,0,62800,39800,80700,99000,41300,18400,33700,28900,40800,29400,40600,0,9170,54400,150000,34100,10300,19700,0,19900,66500,35400,22600,52100,53200,77000,50400,0,76800,50500,43400,79900,63700,18500,13800,139000,14200,36400,86800,0,121000,159000,4640,17400
YGGFMTSEKSQTPLVTL,19300,28800,27300,21800,19700,16600,27400,28500,22700,21600,0,49200,12800,30500,68800,63500,31600,57200,36100,108000,0,49300,17100,0,0,0,59200,106000,0,22100,157000,42400,98400,174000,24300,19200,55400,25900,16700,200000,19300,152000,44100,10800,19700
YGGFMTSEKSQTPLVTLF,21000,13700,18600,15300,7280,9370,8070,0,4720,3970,2870,6280,2270,13500,61600,21800,83200,0,0,51800,0,15900,12800,14800,19600,0,203000,59200,10300,0,0,0,0,71800,0,40300,76300,0,12500,8370,48300,74000,22900,0,32700
YGGFMTSEKSQTPLVTLFKNAIIKN,18400,18700,22200,23900,21700,19500,19800,8550,14100,9730,15900,18500,7100,0,37500,35200,47600,8280,15500,87300,0,0,18700,14100,15600,0,131000,91000,0,3940,0,10100,0,35900,0,11600,9910,13100,18000,0,34600,47000,164000,0,76900
LPGLLLF,10500,7630,8720,4690,5480,7020,6260,5460,7250,4620,5680,3700,3280,84300,92900,54000,17500,13200,7720,8810,7810,4730,5420,38000,22500,78900,5220,0,67500,0,3390,2290,2340,2470,34400,6150,16700,3970,31800,3460,20000,15000,3320,13000,0
LPHLPGLLLF,19100,20900,22200,15500,16400,16500,10400,6790,6800,5090,4710,9070,4150,55000,86900,62900,63700,41400,21800,43700,27300,11600,9520,61200,51700,119000,38600,9800,65300,2630,17000,15800,9440,4260,64700,39600,33300,5810,56300,0,66400,3950,7590,21900,6780
KVPPEVLLNLILSLVH,0,0,0,0,0,0,0,0,0,0,0,0,0,0,0,0,0,0,0,0,0,0,0,0,0,4930,0,0,67500,0,0,0,0,0,0,0,0,0,0,0,0,0,0,26700,0
LFDRVVML,0,0,24800,0,23000,0,0,0,0,0,17900,0,0,0,0,0,0,0,0,0,0,0,0,19700,0,7940,0,0,95400,0,0,0,0,0,0,0,15200,0,0,0,0,0,0,116000,0
PLFQLITGLG,20200,15000,17600,17200,14200,14000,14000,15500,15100,10800,11600,0,9310,10600,0,7130,0,0,0,0,0,0,796,4600,0,4550,0,802,216000,0,0,0,0,0,0,0,0,0,0,0,0,0,8780,38200,0
TPLPELF,17800,16600,22600,17000,14700,18800,14900,20000,13200,10600,16000,14200,11800,14000,0,19600,0,0,0,0,0,0,0,21100,0,19000,0,0,270000,0,0,0,0,0,0,0,0,0,0,2550,0,0,10400,153000,0
TPLPELFDRVVML,116000,85300,130000,68500,56700,44600,27600,19200,5540,4090,2760,12500,3040,175000,30400,324000,0,24300,9870,0,6730,7350,58800,796000,12200,289000,8950,0,3150000,0,0,0,5780,0,7980,0,73700,7770,13000,0,8480,0,107000,2780000,0
DALLKNYGLL,0,43500,36800,0,0,32300,41300,45300,27800,42700,40800,43400,43300,224000,23400,155000,0,0,0,0,0,0,0,57000,16200,38500,0,0,166000,0,0,0,0,0,22600,0,15300,0,23400,0,4640,0,11100,86600,0
DMELLRF,31000,22700,25400,22600,32600,23400,24700,15400,23400,21200,21100,26100,22700,86300,21300,80400,1360,0,0,1740,3500,0,0,58800,13800,46700,0,0,98400,0,0,0,6480,0,26800,0,14000,0,19400,0,4910,0,8890,63300,0
F(+42.01)PAMPLSSLFANAVLRAQHLH,10600,7470,11900,5260,4060,3140,0,0,0,0,0,1990,0,0,10600,26000,16900,31000,14500,64000,55400,8680,10100,43600,33200,27000,30300,9540,0,21000,1690,30500,81500,10500,64100,2730,48200,29600,30300,0,49400,0,9850,42500,0
F(+42.01)PAMPLSSLFANAVLRAQHLHQLAAD,7860,2980,5500,0,0,0,0,0,0,0,0,0,0,0,5610,72900,40500,0,14700,49400,58200,4980,4630,67300,86900,93200,17600,0,13900,24900,0,9450,98200,3970,35800,0,48700,21700,6730,0,50700,0,18100,114000,0
FPAM(+15.99)PLSSLFANAVLR,4550,5600,6370,6700,2220,4220,3070,624,3810,2040,2140,1750,1430,26200,77200,16500,36800,28500,2250,3880,0,4030,21100,35700,18400,17700,21100,0,0,0,2920,1400,4890,8430,21300,1830,13400,14400,47400,4620,27100,7450,6010,12100,3070
FPAM(+15.99)PLSSLFANAVLRA,2910,0,2130,2120,1320,1180,1490,0,0,0,0,0,0,3510,30000,4370,38000,24700,0,2620,0,1530,5790,19200,12300,0,9980,0,0,0,552,236,1430,4910,4920,1770,3190,7270,12700,0,15400,2280,844,2910,2340
FPAM(+15.99)PLSSLFANAVLRAQ,0,6060,9030,8640,4660,4450,2500,0,0,0,0,0,0,16000,74600,0,85900,29400,0,6360,3440,10200,22200,41400,44000,33300,20100,0,0,0,4440,0,5140,16600,0,2620,0,13300,33800,3180,0,13900,0,12200,1580
FPAM(+15.99)PLSSLFANAVLRAQH,24900,21000,28900,18500,23000,15900,20500,0,0,15100,13900,23400,14500,23500,163000,47400,93000,39500,0,20400,11800,17500,108000,88300,40100,77500,39000,6440,0,0,7730,0,8450,15800,128000,9040,57600,61200,111000,6580,97700,13300,9280,0,6880
FPAM(+15.99)PLSSLFANAVLRAQHLH,27500,25100,29200,27700,21300,18900,20300,16900,12700,10900,9290,18300,10600,0,60200,29600,88900,56900,4530,25900,5850,29700,66800,73400,39600,37900,48300,5640,0,5780,7420,5590,17200,19300,106000,12900,66700,55000,120000,0,83100,3800,20600,17700,14800
FPAM(+15.99)PLSSLFANAVLRAQHLHQL,19000,0,10800,0,10900,0,8790,0,0,0,0,0,0,0,37900,0,73400,51500,0,17700,0,26600,56300,0,63600,0,51600,0,0,0,1700,0,0,20400,89700,6740,0,45400,69300,0,0,0,12300,21300,11900
FPAM(+15.99)PLSSLFANAVLRAQHLHQLA,0,14500,22500,0,8020,0,0,4620,0,0,0,7550,0,0,51900,40300,104000,69900,7170,13800,13800,29100,73700,112000,71100,35900,60500,8480,0,0,4590,8970,19800,23800,122000,8900,73000,54500,112000,0,91100,0,29900,0,12700
FPAM(+15.99)PLSSLFANAVLRAQHLHQLAAD,30400,31100,27300,15500,0,7780,0,0,0,0,2180,0,0,21400,122000,0,189000,120000,0,23600,0,0,0,248000,0,0,74300,0,0,0,0,0,63800,43200,147000,0,136000,115000,112000,0,94700,0,23900,0,0
FPAMPLS,1920000,1850000,2000000,2080000,1930000,2060000,2070000,2100000,2130000,2070000,1970000,2160000,2020000,9430000,4110000,7900000,554000,500000,578000,881000,459000,559000,545000,3890000,2040000,3060000,427000,354000,2480000,307000,353000,502000,1120000,1030000,4690000,333000,2470000,670000,2570000,892000,1330000,816000,1450000,5680000,97200
FPAMPLSS,140000,140000,184000,192000,167000,166000,162000,174000,135000,161000,148000,165000,146000,359000,550000,465000,91700,111000,57800,179000,33700,138000,96300,232000,177000,158000,36600,89100,0,56900,95700,97800,131000,296000,663000,62000,370000,125000,258000,248000,237000,143000,89400,415000,23500
FPAMPLSSL,115000,126000,116000,109000,90900,112000,91000,120000,94900,91700,86500,107000,76500,418000,464000,417000,98300,106000,57600,114000,62100,112000,82100,222000,151000,98700,78300,90300,25900,57400,61300,44100,114000,239000,439000,86700,264000,160000,211000,222000,189000,108000,123000,305000,26500
FPAMPLSSLF,154000,142000,121000,145000,124000,107000,87600,89600,80900,111000,72900,128000,72200,998000,838000,907000,161000,360000,53500,99800,40600,110000,143000,774000,207000,304000,78000,34200,298000,11100,33500,24800,58800,132000,519000,75400,248000,103000,355000,77200,327000,119000,105000,588000,12100
FPAMPLSSLFA,89700,77200,86200,48800,49700,45700,39200,16700,19200,13400,13900,18200,9240,1060000,1200000,402000,383000,968000,77500,244000,46700,180000,296000,788000,147000,148000,156000,85200,49000,23300,74600,19600,54400,290000,609000,158000,313000,291000,567000,236000,824000,306000,97500,439000,29900
FPAMPLSSLFAN,157000,126000,179000,104000,117000,109000,75200,41500,34700,32000,32700,42000,20400,1770000,2060000,979000,547000,1190000,167000,498000,110000,298000,534000,1380000,280000,270000,302000,163000,114000,47800,159000,59200,140000,594000,878000,228000,624000,526000,1210000,359000,1410000,737000,187000,762000,57400
FPAMPLSSLFANA,111000,91000,99200,48400,56000,59200,41100,12400,13700,7870,11800,16700,6450,794000,1180000,438000,377000,1020000,0,280000,109000,151000,321000,815000,174000,142000,0,107000,44500,17500,126000,0,84500,349000,524000,177000,24400,3540,668000,182000,882000,22300,129000,411000,0
FPAMPLSSLFANAVL,0,0,20800,19200,7710,16100,13600,4010,0,8670,0,0,2230,221000,74100,261000,0,75500,6930,0,0,10100,20200,220000,45900,103000,0,0,40200,0,0,0,0,0,97200,2150,0,0,44300,0,65400,7230,24600,158000,0
FPAMPLSSLFANAVLR,152000,123000,136000,89700,74800,60400,43900,23100,11500,8300,8180,17800,6740,562000,1250000,571000,530000,1510000,84400,363000,68300,218000,367000,1470000,257000,246000,226000,141000,116000,32600,56800,34900,101000,255000,863000,216000,535000,297000,780000,48200,1350000,139000,114000,686000,40400
FPAMPLSSLFANAVLRA,38300,25500,55700,30500,51000,48400,36200,22000,35600,23700,22100,25100,16000,201000,265000,495000,133000,369000,20300,62600,14200,46600,28700,374000,138000,183000,25800,17600,50300,6440,3300,5790,45800,35600,220000,33100,125000,36400,36600,1490,276000,10900,51100,300000,2070
FPAMPLSSLFANAVLRAQ,17400,15700,19900,8960,7890,2650,2230,2430,0,0,0,2020,0,157000,330000,148000,358000,572000,16400,107000,19500,74900,117000,379000,127000,106000,51000,53600,15500,9190,22600,8190,53700,127000,89600,78200,164000,66000,152000,476,443000,39100,30100,234000,20300
FPAMPLSSLFANAVLRAQH,225000,240000,255000,210000,197000,184000,129000,72600,74800,68700,49400,85500,24700,354000,754000,572000,468000,875000,75400,441000,83100,304000,390000,984000,361000,271000,214000,164000,26400,44700,59500,52600,158000,203000,1390000,294000,695000,293000,985000,22100,1070000,76400,172000,906000,70400
FPAMPLSSLFANAVLRAQHL,38500,8060,11400,0,10900,0,0,2970,9250,0,0,0,0,50700,111000,287000,214000,651000,15100,76500,14500,66400,100000,355000,90900,151000,51700,38300,0,7960,1550,4070,21200,47500,323000,36100,242000,87600,109000,4650,359000,0,16800,262000,5890
FPAMPLSSLFANAVLRAQHLH,378000,362000,366000,298000,237000,205000,143000,109000,81400,80800,61000,137000,60800,88900,473000,658000,669000,1450000,117000,693000,128000,536000,673000,925000,578000,379000,280000,289000,79700,77100,83600,99200,211000,303000,2200000,368000,1210000,559000,1160000,27100,1550000,23100,261000,1180000,125000
FPAMPLSSLFANAVLRAQHLHQ,199000,203000,217000,145000,121000,99700,84900,59200,32800,13100,29600,72000,27200,71700,293000,432000,385000,689000,69800,434000,103000,275000,360000,654000,356000,193000,207000,183000,0,47400,60400,85000,154000,175000,1290000,194000,624000,321000,738000,15400,873000,28200,170000,669000,96600
FPAMPLSSLFANAVLRAQHLHQL,154000,110000,149000,76700,60100,45200,28200,37100,4320,0,0,11800,11100,18200,159000,421000,508000,1110000,105000,363000,83500,286000,334000,398000,406000,377000,199000,153000,74400,45100,16200,50100,161000,157000,1290000,184000,726000,367000,372000,7310,964000,1910,181000,828000,56200
FPAMPLSSLFANAVLRAQHLHQLA,154000,124000,182000,103000,62900,56900,40700,48500,23800,31500,24100,37700,14600,36800,249000,641000,668000,1530000,135000,540000,110000,378000,455000,602000,552000,533000,237000,226000,110000,65700,20300,60900,204000,201000,1660000,258000,1040000,446000,503000,7460,1340000,5070,228000,1060000,83200
FPAMPLSSLFANAVLRAQHLHQLAA,130000,73900,103000,42900,6530,3210,0,18200,4200,0,0,5200,0,17600,235000,47700,612000,1380000,3520,416000,91900,341000,361000,429000,370000,365000,194000,183000,59200,0,20200,53800,177000,214000,1300000,196000,724000,378000,319000,7670,1110000,4650,128000,546000,59000
FPAMPLSSLFANAVLRAQHLHQLAAD,295000,230000,277000,149000,120000,0,85100,81200,40700,35300,24900,56800,19800,123000,493000,1920000,925000,1650000,115000,557000,211000,283000,528000,1930000,976000,1370000,232000,188000,278000,102000,18800,81700,392000,215000,1880000,171000,1470000,404000,679000,6780,1490000,10800,307000,3450000,40300
FPAMPLSSLFANAVLRAQHLHQLAADT,9470,16800,28400,7760,0,0,0,0,0,0,0,0,0,0,93100,97500,20800,271000,7680,182000,23900,40600,104000,110000,154000,81200,45400,56500,0,0,0,12600,64900,70900,404000,25700,314000,110000,120000,0,335000,0,0,186000,9370
FPAMPLSSLFANAVLRAQHLHQLAADTYK,19700,15900,11000,0,0,0,0,0,0,0,0,0,0,0,23000,23800,147000,157000,10100,137000,0,74000,108000,20400,89700,0,20800,42200,0,0,0,0,26200,40300,300000,32100,207000,60800,61600,0,247000,0,16900,68100,12900
FPAMPLSSLFANAVLRAQHLHQLAADTYKE,0,22900,5840,0,0,0,0,0,0,0,0,0,0,0,29700,27300,211000,241000,13100,169000,21900,67300,68000,24400,109000,12300,25400,80300,0,19400,1520,10600,34600,63400,277000,30300,140000,80300,56800,0,284000,0,20100,65400,17600
FPAMPLSSLFANAVLRAQHLHQLAADTYKEFER,0,0,0,0,0,0,0,0,0,0,0,0,0,0,0,0,144000,97100,0,107000,0,0,0,0,42500,20100,0,57300,0,0,0,0,0,3130,71700,21700,115000,26800,0,0,217000,0,7420,27400,0
FPAMPLSSLFANAVLRAQHLHQLAADTYKEFERA,1510,41800,48600,19600,0,0,0,0,0,0,0,0,0,0,0,0,252000,198000,3430,220000,19200,69100,7030,0,168000,112000,0,64700,0,37300,0,0,36300,14600,390000,81700,269000,97500,152000,0,459000,0,13700,231000,0
GIQALMQELEDG,4620,2880,0,0,0,0,0,0,0,0,0,0,0,255000,30700,184000,5320,10500,10300,0,2250,0,5540,119000,0,50600,6830,0,123000,0,0,0,811,0,3000,0,0,0,9680,0,0,1690,0,56900,0
GPVQFLSRIF,22200,17800,19300,16900,16300,12900,11800,11900,8590,11600,8750,0,21500,51600,12800,101000,5860,6920,3640,0,937,2580,3490,45100,23700,95400,8120,0,202000,0,0,0,2870,0,31000,0,11900,0,19700,0,3070,0,10100,86400,0
GSPRIGQILKQ,6740,8410,8230,7440,7340,9440,10200,9790,11400,13600,9820,13600,13900,55900,8890,53900,770,272,0,0,0,0,599,54900,9100,21700,0,0,11100,0,0,0,1560,0,11700,0,6670,189,9510,0,554,0,4350,26200,0
IQALMQELEDG,29800,8800,18300,20500,14000,0,17100,13100,10100,12800,15100,15100,20700,199000,29800,109000,0,3550,11100,1770,0,0,2410,49000,16600,63200,2110,0,0,0,0,0,0,2680,17000,781,11600,2990,13500,0,6090,3540,17200,95700,0
LGPVQFL,14800,5160,11600,14100,13500,12800,12500,17400,0,14400,9840,19900,6950,72400,1210,49500,0,0,0,0,0,0,0,15100,0,16700,0,0,297000,0,0,0,0,0,2010,0,0,0,0,0,0,0,1120,35900,0
LKNYGLL,0,22000,20900,21300,18400,25300,17500,0,23100,24100,19300,0,25800,54700,8530,51000,0,0,0,0,0,0,0,19400,5320,21300,0,0,125000,0,0,0,0,0,10600,0,0,0,7150,0,0,0,6450,45700,0
PVQFLSRIF,14500,17100,18400,0,10000,14700,11200,11700,12500,15300,11600,0,13300,63200,10200,90200,1630,998,0,0,0,989,2880,35600,13400,62100,1150,0,118000,620,0,0,1810,0,13300,0,9990,0,12400,0,3470,0,7610,45800,0
PVQFLSRIFTN,25600,31400,36700,23500,33000,22600,17900,22700,21000,25900,25100,22500,22600,72100,37400,102000,2420,0,1000,0,0,0,833,57600,27400,30100,0,0,0,0,0,0,0,0,52800,0,4490,0,23600,0,2810,0,12700,81900,0
SDDALLKNYGLL,127000,165000,139000,147000,110000,148000,138000,139000,92100,100000,93800,92000,82000,1470000,127000,985000,0,8170,0,0,0,0,0,430000,103000,458000,13700,0,821000,0,0,0,0,0,113000,0,72100,0,88300,0,17000,0,110000,757000,0
SLFANAVLRA,19200,22200,16700,13600,24900,26400,28100,32000,27200,19800,26600,0,19300,84200,14500,66800,0,0,0,0,0,0,0,17900,0,0,0,0,101000,0,0,0,0,0,0,0,0,0,13900,0,0,0,10200,25500,0
SLFANAVLRAQ,0,0,11600,0,0,0,18600,0,14700,4130,13600,0,9340,59700,0,0,0,0,0,0,0,0,0,38200,2630,28800,0,0,62000,0,0,0,0,0,0,0,6570,0,0,0,0,0,5950,29100,0
SLFANAVLRAQHLHQLAAD,43600,36800,51600,54900,90100,70300,99000,47300,64300,53500,44700,45100,41600,150000,0,175000,3850,0,0,0,3730,0,2130,59100,30100,97000,0,0,250000,0,0,0,3710,0,15500,0,0,0,20000,0,0,0,13700,325000,0
SPRIGQILK,13800,9340,12000,14100,12400,15000,11700,16100,12400,14700,14200,18200,14800,67300,14700,56000,2950,1110,0,1400,0,595,6010,35300,15300,16800,650,188,21700,786,0,731,4160,0,17600,1460,7600,0,12200,0,3930,0,7670,43800,0
SPRIGQILKQ,265000,176000,235000,193000,276000,261000,231000,293000,218000,297000,286000,338000,221000,974000,91500,1080000,11700,5540,16500,7120,14300,5860,25600,444000,174000,489000,11500,0,1100000,3360,3310,7090,26000,0,112000,9700,75100,4370,95300,3110,12600,2830,105000,712000,0
SSLFANAVLR,42700,60600,55800,0,0,56400,0,72200,46800,54200,68600,0,0,158000,0,203000,14100,0,0,0,0,0,0,93200,54700,85400,0,3830,139000,0,0,0,0,0,107000,0,28000,0,41000,0,8780,0,29600,180000,0
SSLFANAVLRAQ,16500,12000,21100,31500,18700,15000,34400,17200,14200,21200,14400,42200,17000,94700,36600,109000,0,0,0,0,0,0,0,43500,29700,41900,2480,0,49400,0,0,0,0,0,75800,0,0,0,19000,0,0,1630,7930,83200,0
SSLFANAVLRAQH,0,0,0,0,0,0,24000,0,13500,24900,18400,0,26600,67900,26100,99000,0,0,0,0,0,0,0,56300,0,42700,0,0,63800,0,0,0,0,0,0,0,11900,0,17500,0,3670,0,13200,54000,0
SSLFANAVLRAQHLHQLAAD,125000,138000,155000,55300,107000,0,116000,142000,158000,126000,94900,85800,87300,266000,0,551000,5150,0,0,0,0,0,467,389000,0,356000,0,0,355000,0,0,0,0,0,112000,0,0,0,0,0,0,0,44300,520000,0
TDMELLRF,203000,211000,0,217000,175000,187000,182000,192000,188000,0,171000,0,162000,730000,45100,612000,2760,0,5010,0,0,0,0,229000,67000,0,9240,1570,1130000,1890,0,0,0,0,33700,0,22700,0,29800,0,6790,0,54800,422000,0
TNSLMFG,43500,44300,53900,48100,0,0,49000,50600,48200,63200,62300,38000,41000,453000,35500,0,0,0,0,0,0,0,0,82400,32000,0,0,0,335000,0,0,0,0,0,18500,0,9650,0,17900,0,0,0,0,340000,0
TYKEFERAYIPEGQRY,66700,70700,75400,71200,68400,95800,80700,61000,60400,86200,60500,99500,86500,160000,32900,399000,0,0,0,0,0,0,17000,211000,13400,181000,0,0,0,0,0,0,21200,0,57400,0,0,579,51100,0,7080,0,15100,251000,0
ASLDKFLASVSTVLTSKYR,11100,6560,12100,10500,9290,6740,0,0,1320,2300,0,4140,0,0,30500,18400,14400,73500,1020,12700,0,46100,69500,10300,16600,28500,0,37100,0,1830,0,0,5040,18900,113000,78400,106000,19000,18900,0,41800,0,34600,21200,11600
DFTPAMHASLDKFLASVSTVLTSKYR,0,0,0,0,0,0,0,0,0,0,0,0,0,0,0,4490,59700,187000,0,14900,0,26800,17500,0,40100,46400,0,29100,0,0,0,0,5290,0,0,19700,61400,9960,0,0,50100,0,7390,3520,0
FLASVSTVLTSKYR,5560,6720,6150,9020,6650,7060,6530,9660,9160,10300,9130,9650,7070,3750,39200,0,5840,11800,2590,6900,0,25300,23400,5420,5920,0,0,27800,0,0,2020,0,2430,16400,47400,11300,55300,5400,15900,0,12700,9320,17900,0,2390
FTPAMHASLDKFLASVSTVLTSKYR,24400,12600,21900,6820,1180,0,0,2810,0,0,0,0,0,0,11300,15600,57000,80200,25900,33000,12600,76700,75300,0,51000,10400,14100,93900,0,6970,2360,8470,33300,51600,49300,23200,108000,66200,19700,0,61600,0,63100,8420,33300
PVNFKFL,0,144000,0,0,0,0,183000,0,197000,176000,178000,0,0,0,0,0,0,0,0,0,0,0,0,0,0,458000,0,0,808000,0,0,0,0,0,0,0,61100,0,0,0,0,0,93500,231000,0
SLDKFLA,219000,208000,180000,258000,271000,232000,260000,274000,288000,269000,268000,278000,262000,806000,84600,793000,2030,2600,9270,0,10500,1220,27600,266000,96300,879000,4100,6570,1020000,1300,8070,1990,20100,4490,60900,6750,48900,5620,32900,11300,1520,8080,199000,469000,0
SLDKFLASVSTVLTSKYR,118000,84200,122000,95700,69800,54100,56800,27800,33400,22600,11400,40300,19200,10100,561000,130000,96400,304000,20000,82700,7230,336000,526000,160000,144000,150000,4990,155000,0,21100,0,0,26600,52800,745000,176000,836000,169000,263000,1420,235000,1690,155000,228000,26200
SVSTVLTSKYR,87200,121000,105000,112000,117000,99300,83100,99300,104000,123000,108000,137000,149000,89500,634000,156000,47300,54100,0,53600,5680,169000,229000,296000,89400,93000,2640,64800,0,27100,9160,8520,49100,88200,393000,88500,336000,36900,216000,44700,67400,96000,73000,167000,6220
TPAMHASLDKFLA,0,50500,41600,33400,41700,45200,41400,47600,73500,46500,77200,89500,54600,88300,21700,362000,0,1130,0,0,0,0,11100,76900,18500,185000,0,0,80800,0,0,0,0,0,24800,1270,0,0,8360,0,0,0,42500,0,0
TPAMHASLDKFLASVSTVLTSKYR,35200,0,42600,22800,0,16300,11100,15100,6950,0,0,5180,0,0,50200,0,33800,128000,9630,14900,0,154000,255000,25500,37900,4100,5920,46900,0,1620,0,0,10800,16100,199000,89400,249000,63700,89200,0,59500,0,0,8790,13200
VHLTDAEKAAVN,25200,27700,27200,33200,36000,28800,29300,31800,37400,37800,46700,48900,44700,51600,123000,84200,18600,18500,12800,34900,4360,58700,68100,45500,36800,53600,2500,18700,0,16400,5730,6050,28900,55600,61600,49700,65100,13600,65500,35400,22600,33700,32700,43100,6410
VHLTDAEKAAVNG,22200,36700,25100,28800,44100,50100,0,22300,26100,67200,50000,0,0,0,60500,88100,14300,11900,8180,21300,4230,45100,56500,0,42400,26800,0,11300,0,10900,5170,5600,20000,38300,44800,35300,61000,5820,0,23600,14000,18300,27700,48500,4910
AAFQKVVAGVA,0,10800,14200,13500,18200,12200,15500,13900,25900,12800,13900,19300,14600,44200,11100,48700,0,0,0,0,0,0,0,22900,7950,71500,0,0,63400,0,0,0,0,0,14400,0,0,0,0,0,0,0,12500,35200,0
AAFQKVVAGVASALAHKYH,76100,91300,77500,73100,80900,95400,101000,95700,77700,95200,2530,82600,78100,0,99800,153000,32000,47700,15900,54100,5160,100000,174000,157000,110000,141000,0,85400,0,21400,0,2020,37800,17100,431000,82100,309000,30400,152000,0,59200,0,96300,139000,8250
AFQKVVAGVA,6800,0,7650,10400,10200,12200,10800,11400,16100,14300,14400,13900,19500,36700,0,47800,0,0,0,0,0,0,0,13000,0,47300,0,0,46100,0,0,0,0,0,5640,0,2590,0,1600,0,0,0,12800,34800,0
AFQKVVAGVASALAHKYH,80500,56700,77900,74700,66600,65900,83000,78600,65500,84700,78200,69200,91500,21900,87100,124000,29400,40900,6250,42500,0,86000,149000,130000,70400,62600,0,60300,0,15400,0,0,25200,22900,316000,82600,200000,28100,121000,0,48500,1060,75700,21100,10000
AQAAFQKVVAGVA,0,7400,11200,16000,11300,22200,0,14000,19700,10800,9400,9860,9810,40000,7320,33600,0,0,0,0,0,0,0,16400,7740,58600,0,0,62000,0,0,0,0,0,6510,0,0,0,3000,0,0,0,12900,27100,0
AQAAFQKVVAGVASALAHKYH,33400,26600,0,50000,0,0,31500,43300,0,0,30500,0,35300,0,29500,25900,12200,14500,1460,17700,0,29100,64400,58000,45700,14800,1780,25300,32800,9810,0,0,3390,9880,0,37600,99700,19800,47600,0,15900,0,0,42000,0
ASALAHKYH,0,36300,14900,22500,19400,20900,20100,24600,20900,19500,24800,29900,31900,21000,35200,34400,7490,7630,4390,11300,2980,19900,36500,53800,15700,15900,0,6460,0,14200,0,0,7770,0,27800,21100,27800,3590,26400,9950,19300,7880,8640,36600,730
FQKVVAGVASALAHKYH,28900,24700,29200,26500,39500,35700,37900,38000,33200,36200,50500,42900,46000,31300,48800,82000,8720,11600,0,16900,0,32900,63000,94000,22700,58500,0,20900,0,0,0,0,11700,0,136000,31200,86600,9850,60700,5820,18900,0,16300,85600,2410
GLKHLDNLKG,2920,3110,2930,2830,2980,3610,2550,3930,4200,4890,6120,5280,7040,9770,6430,18600,186,0,0,0,187,518,2760,10300,2920,7860,0,0,0,160,0,0,179,0,1230,1540,1860,0,2220,0,378,0,1710,7430,0
GVASALAHKYH,52700,50300,57800,59000,54800,49900,54200,62000,64500,75300,69000,89600,105000,66500,144000,107000,31300,33900,11700,43300,6720,65500,104000,137000,55300,76100,3710,28000,3420,22200,8120,6460,27300,22300,101000,96000,97600,14800,104000,34500,31500,26700,43200,94800,7490
KVVAGVASALAHKYH,9380,14100,10400,0,16400,22800,17500,15400,20100,16100,19200,17500,29000,12200,33800,20200,8450,5910,0,6410,0,14200,39100,56600,13600,0,0,10500,0,4190,0,0,0,0,49200,24200,41500,4620,29700,0,7320,0,7580,42500,0
QAAFQKVVAGVASALAHKYH,39100,41400,39100,11600,47100,37400,36600,44900,39900,43500,32200,56500,36000,16000,39900,55500,20000,24300,5110,22800,3420,48700,101000,88000,52500,31400,0,27400,0,4230,0,0,6810,12600,205000,49000,98800,21500,61600,0,24900,3530,36900,66700,6040
QKVVAGVASALAHKYH,0,6020,7650,10100,0,12900,14200,7900,9620,13500,7840,10800,10100,0,10200,11300,5030,7170,0,4970,0,15100,25000,17100,8200,0,0,7240,0,1770,0,0,0,0,45100,22300,15400,0,16900,3580,7570,0,5370,0,767
VHLTDAEKA,1090,3260,2840,5370,5990,5140,5940,4020,5360,8760,8080,7960,7450,4660,21700,3460,1170,3720,1200,2380,678,3820,828,1010,1970,1100,255,1170,0,1090,611,0,1400,3850,7450,6930,2420,89,3970,1050,3360,6700,717,1920,0
GPNLVARSKEALA,26700,25500,26900,34100,29000,34600,30400,31500,26900,34200,33700,45700,44300,23700,65200,89600,14900,20100,7610,15300,2080,32200,66800,49300,30500,22300,2100,25600,0,10900,4130,5550,29400,9040,68700,39700,85500,6490,41300,27000,18400,8840,41200,95000,1820
AKVAVLGA,6300,3030,3060,6300,5490,6080,4630,6830,0,7290,0,6810,9740,39500,0,33400,3370,1760,2470,1440,2250,3340,7820,19500,12800,9360,972,449,5320,0,504,1570,2610,4270,8320,1760,9650,867,8830,1690,1290,2710,2950,26400,0
TFYLGGFS(-.98),37400,38600,102000,33900,46400,25800,62100,38600,0,0,0,53700,0,137000,202000,253000,0,0,0,0,0,29600,0,127000,70800,239000,0,0,118000,0,0,0,0,0,132000,9810,90900,0,0,0,0,0,0,202000,0
SNRVVDLMAYMASKE,9600,12000,10100,16200,13200,13900,13200,8520,9300,8490,5930,16500,10100,9360,41800,37100,4940,6790,0,10600,3830,19300,26700,27800,14500,8360,1680,4190,0,4490,0,422,10200,8030,31800,2940,34500,6700,20000,0,11100,0,8740,80700,0
VKVGVNGF,32000,18000,13200,19900,16200,14700,12700,16900,15800,15800,20300,22100,12500,26000,24400,47200,6460,6200,17100,14600,4760,14100,15700,12300,19200,10800,4030,2550,13300,4560,5270,3110,9070,22700,26300,6010,31100,7640,18600,26900,7400,10900,28200,61800,0
VKVGVNGFG,0,9450,0,14700,18700,18400,18400,16400,0,0,13200,0,0,37000,23600,55400,5550,0,0,10500,0,24300,21600,0,21700,29500,0,1930,29600,2840,2950,0,0,23100,29600,7150,0,0,15800,0,4870,0,0,65200,0
VKVGVNGFGRIG,12100,11000,16400,12300,17700,14800,15300,10100,16000,10300,16300,16600,14300,10800,28400,29500,6250,3120,7570,15300,1950,15800,11900,14500,15000,10500,0,4550,0,4930,0,1400,8030,7260,34100,3850,27600,2280,16400,8110,8260,7150,14600,34300,0
PHFLYPK,24000,20100,24800,27800,28800,28200,24800,26300,25400,29600,26700,35300,36100,5870,25200,38400,12000,11100,17100,45500,17300,36900,20400,15800,42900,8220,12300,44200,7930,39100,37900,52600,44700,30800,17100,29000,45000,8770,12900,3530,13700,19000,37300,17900,7410
SQENPNTYSEDLDV,5790,7300,7470,6640,7130,0,0,7780,6640,6150,0,6710,0,24000,29900,12000,0,13000,30900,42200,24600,36500,10400,0,20900,4150,20500,16600,0,29500,68800,17100,38900,127000,9810,7550,0,0,4290,8090,0,100000,39500,12400,12600
YGGFLRKYP,109000,102000,111000,118000,118000,123000,119000,117000,127000,130000,125000,145000,133000,48700,106000,79700,56600,52800,62300,219000,59700,140000,62100,26300,124000,37200,73700,160000,0,142000,228000,229000,295000,210000,166000,70600,160000,44500,76900,10300,74500,116000,80300,42100,43300
YGGFLRKYPK,47200,49800,43700,54000,56300,57200,35100,58900,61900,64500,64000,68300,69400,21300,48000,51800,40000,19100,14300,92700,17800,43400,41800,33200,61300,9190,12700,50900,0,64700,95000,121000,112000,30300,49500,41800,63200,8180,49900,0,33100,28700,15100,20500,13000
YGGFLRRI,135000,106000,126000,121000,112000,122000,106000,133000,126000,153000,121000,141000,112000,40700,80600,83400,74400,61500,0,194000,71700,109000,64600,49500,141000,47400,102000,209000,24100,140000,154000,200000,252000,139000,165000,83900,155000,42100,87600,0,83100,49000,69600,50200,61900
YGGFLRRQFKVVT,103000,111000,88700,153000,140000,168000,130000,164000,123000,144000,145000,163000,146000,0,102000,111000,83200,75800,74600,246000,82600,120000,84600,49900,169000,67700,93200,215000,0,192000,184000,260000,303000,135000,262000,90100,289000,54400,93000,0,98900,27300,133000,15200,68100
TVVGIDLG,0,9050,5190,5890,9290,7930,8080,0,6940,7410,4140,0,3180,55100,2770,50500,0,0,1160,0,0,0,0,1330,2140,19900,0,0,51400,0,0,0,0,0,0,0,0,0,0,0,0,0,5720,35500,0
GVLPNIQAVLLPKK,0,17200,0,0,0,0,0,18300,20700,17800,16900,0,0,0,0,57600,0,0,0,0,0,0,0,0,0,39600,0,0,90400,0,0,0,0,0,0,0,2620,0,0,0,0,0,0,39500,0
AEDQELESLSAIEAELEKVAHQLQALRR(-.98),0,0,0,0,0,0,0,0,0,0,0,0,0,0,5780,0,271000,55100,22600,290000,19000,0,0,0,151000,170000,35600,69700,0,39800,7770,42200,0,0,0,37700,12100,28400,0,0,110000,0,0,12500,4800
AYGFRDPGPQL,0,0,33000,83700,4370,23100,63400,34200,0,30800,35000,39400,0,42600,66400,0,20400,0,0,118000,30200,28800,0,0,50300,0,25400,39000,0,0,89400,36000,0,0,69800,12000,0,13000,0,20100,31300,68900,28100,0,22400
MDQLAKELT,47200,30200,16900,25700,0,0,19100,31500,0,38500,0,35300,32400,0,44800,58500,18600,6700,15100,57500,26700,11700,7130,0,48800,0,15600,10200,0,16300,84000,31200,21400,23000,24900,7520,0,1870,26300,28400,14200,56200,9670,0,12500
MDQLAKELTAE,30600,28400,13800,29600,0,0,32900,0,30600,24700,0,0,0,0,47400,37900,8380,8300,37300,63800,0,20700,0,10000,23900,0,26400,30000,0,13200,80600,50600,149000,32900,34400,21000,0,12000,23300,38900,15400,64100,22700,0,13800
WSRMDQLAKELT,15700,25600,19700,21600,17600,16700,0,43600,0,18200,0,0,22200,32800,38600,0,20400,11300,8420,50400,26000,7470,0,0,19400,0,25500,17600,0,7950,86700,54400,14500,16500,0,8820,0,3360,24300,16100,16000,50000,16800,0,28600
WSRMDQLAKELTAE,16800,21400,0,14900,0,19800,0,22700,20700,0,0,26000,0,0,53400,0,29300,22100,21100,96800,38900,20300,4700,0,33300,0,47500,78500,0,26400,127000,89200,40000,21800,0,33800,25100,11600,29900,35200,30600,65600,32000,0,34900
ATLESVF,0,0,0,82300,0,0,39100,70000,33600,92400,1280,48800,0,191000,144000,0,104000,35100,162000,0,0,0,0,151000,0,0,23600,0,0,10600,96200,0,0,52500,156000,25000,97900,0,0,0,52900,59200,0,0,0
NQEQAEQGREHL,5820,7600,5350,8690,8490,6380,8870,7080,9510,14300,10200,15200,14500,15600,34500,3820,22500,2230,0,12700,16500,0,2510,3620,9660,2840,6470,2640,0,4350,41800,21300,4050,5110,6640,6280,1430,575,15100,8540,8320,51500,0,0,7600
Q(-17.03)ELGKLTGPSNQ,50800,39800,0,42000,56100,41200,58800,43800,33000,47700,28800,38500,66400,58400,78800,0,29300,14900,28100,75800,40700,16400,0,0,69400,0,54600,38300,0,22600,172000,73500,38900,49300,73700,18800,0,8940,18600,69700,43400,86200,28200,0,30200
SGHLGLPDEGNRKESKDQLSEDASKVITYL,28600,0,44500,0,0,28600,32200,0,0,0,0,0,0,0,0,0,74100,18200,79900,109000,88100,35900,34500,0,54500,0,94800,38100,0,20900,111000,60200,40300,0,63600,36700,0,7630,56600,13800,43200,0,82000,0,145000
SVFQELGKLTGPSNQ,4560,23300,46100,35600,3220,4830,23400,32300,20900,0,5930,34700,4410,51900,95600,50100,24600,8150,0,63100,34400,41100,23100,17600,62800,0,42600,57300,0,17300,113000,62900,22900,33800,93700,40500,27100,22300,53900,84700,26300,111000,74600,1970,48600
YEENSRENPF,15400,13800,17600,11900,12200,14600,15600,20100,14000,13900,17800,16400,12700,16100,24800,20000,9010,4820,18900,40100,12000,19300,4170,1680,23300,3710,19600,16600,0,14000,53300,47100,28700,48400,10300,5730,13600,2370,7270,59000,9770,35500,11000,5250,16500
YKVNEYQGPVAPSGGFFLFRPRN(-.98),56200,54500,73600,65100,100000,63200,113000,69600,49400,63600,43200,0,0,0,35100,0,69900,0,43500,176000,148000,29800,9150,19800,87100,0,81200,71700,0,44200,102000,160000,73900,28100,111000,53800,68100,13200,105000,35900,87100,51600,71200,0,188000
Q(-17.03)EPGAPAAGM,176000,164000,162000,178000,155000,166000,90300,139000,148000,153000,106000,173000,145000,145000,211000,163000,106000,112000,203000,381000,131000,185000,36000,37900,227000,76200,209000,156000,1780,233000,560000,359000,328000,483000,184000,95900,192000,63700,110000,404000,112000,425000,279000,109000,114000
Q(-17.03)EPGAPAAGM(+15.99),4790,3450,5500,6630,7490,7820,5820,5600,6580,5610,8850,9420,8240,0,5800,1810,8080,5140,5000,16700,11400,5630,0,0,8230,3630,21900,6650,0,11000,19900,11700,8490,14000,4920,2090,9080,3570,0,16800,3900,14800,5780,0,4800
SGPPVSELITKAVAA,49700,33900,25000,42700,39300,39700,41900,36300,37700,40000,39000,38000,30100,349000,22200,307000,0,4610,0,0,0,0,9410,58700,54600,207000,0,0,51900,0,0,0,0,0,16600,0,20000,0,12200,1110,2140,0,83000,145000,0
A(+42.01)AYKLVLIRH,7200,8790,0,11000,16600,0,16500,0,0,13600,12300,0,0,7360,22300,35100,2280,4100,2720,0,2300,0,12800,12900,10100,8340,0,2790,18800,3510,0,0,4650,4670,25000,0,15800,0,13000,0,0,3150,6690,30200,0
A(+42.01)AYKLVLIRHGE,26900,24800,37900,32600,30300,33800,27800,42400,19500,31100,41000,33300,31900,25900,47200,73800,9910,2830,5640,8460,6290,11900,23200,66200,26300,78500,2130,0,34200,2680,0,0,7510,6780,46700,3230,31600,3420,45300,8110,14700,3350,19700,119000,0
SVNPYLQ(-.98),70100,64600,74000,60500,56100,73900,29300,58300,67800,74500,76200,72500,93600,77700,54000,154000,25000,23700,90200,81800,33200,68200,25500,23800,57900,33400,33400,19900,0,62600,104000,116000,139000,179000,76200,29600,38400,26400,41700,190000,31800,95200,67600,24000,42700
SVNPYLQGKRLDNVV,24900,31900,35300,30400,36500,38100,42100,45100,22100,49000,43200,32100,27400,23800,71700,17200,38300,17000,38700,110000,32400,27200,14400,16900,35100,25500,40900,45500,0,19900,159000,78000,37900,43500,54500,21600,35400,14600,37900,78500,33700,88400,11800,0,27600
SVNPYLQGKRLDNVVA,134000,118000,123000,112000,141000,144000,126000,131000,145000,150000,128000,162000,172000,93800,250000,154000,97800,55900,120000,250000,116000,107000,64800,61200,178000,58400,118000,223000,0,124000,512000,302000,224000,219000,147000,119000,173000,57900,94400,419000,92100,304000,118000,0,99100
SVPHFSEEEKEPE,21900,17600,18500,24400,26000,20100,21600,23200,28300,24500,21200,26300,29600,12500,31700,10900,13600,9500,31000,45900,15700,29000,0,0,32000,0,14800,20300,0,30000,66700,56700,37800,71600,9800,14400,11300,6870,12800,81200,15500,68600,12500,0,24800
VPHFSEEEKEPE,13300,8220,9420,8720,13400,10600,12200,10800,9900,15100,10800,15300,11300,8690,4410,0,6100,4020,16800,22300,5910,19600,18600,2560,5490,0,8180,7670,0,7930,21300,24400,22200,15900,8040,5350,13800,4770,7910,82000,6510,24200,11300,6210,10900
IKMALQQEGFD,0,87600,43400,67600,68800,0,0,83300,151000,91400,43400,117000,73200,3040,0,178000,32800,0,83800,110000,56000,64700,0,26800,135000,0,42500,70200,41200,0,77100,70400,101000,0,105000,0,125000,33700,28900,24800,36700,82300,92200,681000,16800
PMFIVNTNVPRA,38800,40400,39900,54700,75400,35100,41500,19500,52900,42900,74400,51800,40800,70200,79400,262000,0,17100,12200,12500,0,0,80600,111000,54800,159000,6190,0,52100,0,0,1350,8540,27900,95900,0,112000,16100,9220,20700,32400,7010,49000,310000,0
TAYAIYMLAMAAFPKKQN,29200,25300,30000,26500,18100,21700,15600,18100,7820,9580,12000,16000,11100,59800,49600,104000,16800,17900,11500,6320,17500,15000,31100,91800,42200,79000,19600,0,34500,0,1270,4690,18000,0,43000,7600,59300,10300,41000,0,25900,0,42900,128000,1690
SAVISLEGKPL,21600,18800,21500,21500,25100,20600,26800,28000,25000,27500,24100,30800,21100,55100,48300,89200,9780,6170,10400,7620,0,13400,22200,32200,24500,22400,0,0,3830,4490,0,0,10500,10100,39300,0,35700,7420,22000,13400,0,9120,26000,60200,0
FPKPEGSQD,5630,5700,5210,7110,7560,8080,5060,9050,10700,8860,13900,11700,10500,12900,10500,9140,5080,3520,0,13600,10600,5980,9540,0,7290,0,6060,4290,0,3670,16400,14600,6840,5200,3470,7650,7550,2150,7870,26400,6200,18500,1430,3030,918
FPKPEGSQDKSLHN,64700,64600,77100,78600,84900,88500,80700,96900,90600,158000,143000,119000,154000,55500,133000,41300,89700,49900,79700,180000,119000,96200,122000,68300,66200,15200,41100,76800,1400,113000,257000,156000,104000,53100,29600,159000,71600,24200,124000,352000,87900,208000,45200,28400,79500
SLKPEFVDIINAKQ,16100,10900,15100,15900,9710,12500,13400,19800,12500,10200,12700,13700,13100,23300,34000,164000,0,0,4590,7180,2900,6910,30100,25900,17600,10300,0,958,0,3290,0,0,6740,5500,59500,3310,38100,2940,35300,9800,7060,8330,20100,95900,0
GRTLYGFGG,51900,54500,49700,57900,55000,63500,71900,67500,64500,54400,68900,81300,73100,69400,115000,165000,26600,28200,23300,39900,18400,69200,56800,51500,62100,35400,10800,29900,0,18400,22800,0,35900,47800,120000,27100,114000,19600,51000,81300,39000,40300,54900,115000,5270
RTLYGFGG,30800,44600,33500,42300,40800,40700,41100,61500,50500,50900,42000,61900,55100,85700,93600,142000,26100,23500,28100,26000,5190,50300,46200,41800,47100,28400,12500,22000,34700,9760,11500,8780,17600,23200,62600,18600,89800,10700,43800,53600,17700,22900,58000,125000,2630
TLYGFGG,269000,246000,261000,284000,254000,290000,243000,245000,253000,305000,253000,292000,271000,576000,283000,837000,50500,69000,0,65500,40600,115000,117000,260000,0,442000,73100,42100,847000,41800,38000,50000,108000,57200,195000,56700,223000,49100,116000,62200,59400,44700,283000,864000,53300
MQIFVKTL,22300,27000,27700,25000,20700,28400,29900,31800,56600,22100,22100,50500,18600,19000,71800,130000,14100,16800,16500,12800,9880,26600,0,0,35700,20200,10600,7260,0,7690,8280,12000,21400,18400,92700,7050,69900,13000,0,25700,18600,12100,15700,105000,2890
LLRALASSNARAQQ,7980,9490,11900,11400,11900,14800,9560,11500,13800,17500,12700,16800,14900,0,13500,0,10200,5480,8520,28000,10400,12500,8700,8740,16500,0,4480,16700,0,13900,35000,24200,19200,27600,7020,16600,13100,5320,8230,1900,6480,26900,13200,0,5060
AVDQDLGPEVPPENVL(-.98),74300,59700,63400,74000,0,51100,0,69100,43200,50100,0,52200,51100,183000,203000,164000,109000,76800,114000,189000,164000,67500,26300,58100,0,66100,226000,86900,0,70000,329000,164000,121000,157000,109000,44900,82100,56100,40900,141000,128000,338000,78000,88500,59400
AVDQDLGPEVPPENVLGA,0,0,0,0,0,0,0,0,0,0,0,0,0,215000,0,0,0,0,195000,0,0,86800,0,0,0,0,0,0,0,0,0,0,0,191000,0,0,0,0,0,147000,0,451000,0,0,0
AVDQDLGPEVPPENVLGAL,0,0,0,0,0,0,0,0,0,0,0,0,0,117000,89800,51700,1080000,118000,92200,79400,0,0,0,40200,56700,28600,156000,0,0,0,125000,72000,0,96000,0,0,0,0,33400,52000,0,158000,44600,0,45600
AVDQDLGPEVPPENVLGALL,0,0,0,0,0,0,0,0,0,0,0,0,0,56300,55100,48800,0,96100,34100,27800,37400,0,24700,23500,38800,35200,64900,8990,5630,2490,14800,0,16200,53900,0,5460,5260,15700,5270,3490,34500,39300,3810,9500,0
AVDQDLGPEVPPENVLGALLRV,0,0,0,0,0,0,0,0,0,0,0,0,0,42100,95700,68500,127000,178000,23900,39800,48200,7640,43200,52800,64300,42200,80900,26900,5330,0,26000,9370,39500,71400,0,10800,22300,38000,15100,5350,68900,28300,15600,8800,17600
AVPRGEAAGAVQELARALAHLLEAERQE,0,0,4020,0,0,0,0,0,0,0,0,0,0,0,0,0,51300,42700,0,44600,12300,3490,1860,0,32400,25300,5530,54800,0,27900,0,4390,8400,3060,0,11000,14200,13400,0,0,25700,0,0,9050,0
LENSSPQAPA,9070,20800,11600,12100,21500,11500,9870,14500,17100,13500,23500,30200,20200,20900,21100,9830,14000,6960,16300,22500,0,8780,12900,10200,11900,0,9680,7130,0,15900,52000,23600,21800,22800,13100,18700,15200,5520,13200,18400,12600,32400,3500,4010,8330
LENSSPQAPARRLLPP,102000,97200,99300,113000,109000,116000,107000,113000,120000,121000,113000,126000,122000,78600,139000,77400,96800,28500,85600,250000,88000,85600,49700,13000,120000,0,90300,141000,0,87600,499000,262000,136000,159000,137000,83900,97400,23400,96900,224000,71700,238000,70200,9290,70900
SLSAASAPLAETSTPL,183000,137000,150000,178000,154000,157000,134000,164000,178000,159000,157000,190000,149000,305000,268000,238000,184000,148000,253000,372000,252000,156000,98200,104000,188000,0,210000,237000,0,184000,857000,377000,247000,498000,0,147000,168000,151000,136000,434000,163000,549000,199000,112000,198000
SLSAASAPLAETSTPLRL,82900,76700,75100,71100,83600,70100,68300,78700,90500,84200,66700,89300,83500,139000,128000,112000,55000,58500,118000,199000,122000,76400,55800,21000,141000,17100,231000,154000,0,122000,484000,220000,176000,369000,72700,72100,78400,68500,58400,235000,56400,222000,126000,25300,93000
SSEPEAAPAPRRL,13500,13600,31300,16700,26100,20800,20700,20800,30600,20100,22400,26600,27600,79000,55200,81100,16900,5740,10100,30000,8820,12800,17900,45200,36000,30500,4380,6950,0,7860,21100,20500,11800,10800,22800,10900,19300,2090,49700,12600,15200,19100,7820,35100,4570
