"","sample","batch","DEGHDPVHESPVDTA","DPVHESPVDT","DPVHESPVDTA","ELDQLLHY","FNPYFDPL","GRGREPGAYPALDSRQE","LDEGHDPV","LDEGHDPVHESPV","LLDEGHDPVHESPVD","LLDEGHDPVHESPVDT","LLDEGHDPVHESPVDTA","NPYFDPLQWKNSDFE","PVHESPVDTA","Q(-17.03)KIAEKFSQ","Q(-17.03)KIAEKFSQR(-.98)","SEES(+79.97)QEKEY","PESAFSE","AGTQESVDSAKP","AGTQESVDSAKPRVY","EGFFRLT","ESVDSAKPRVY","GTQESVDSAKPRVY","LVQLAGTQESVDSAKPRVY","SVDSAKPRVY","TQESVDSAKPRVY","VQLAGTQESVDSAKP","VQLAGTQESVDSAKPR","VQLAGTQESVDSAKPRV","VQLAGTQESVDSAKPRVY","AEAFPLEF","AEEETAGGDGRPEPSP","AEEETAGGDGRPEPSPR","AEEETAGGDGRPEPSPRE(-.98)","EAFPLEF","EEETAGGDGRPEPSPRE(-.98)","EETAGGDGRPEPSPRE(-.98)","ELEGEQPD","FMTSEKSQTP","GPYRVEHF","GPYRVEHFRWGNPPKD","KYVMGHF","KYVMGHFRWD","R(+42.01)PVKVYPNVAENESAEAFPLEF","RAEEETAGGDGRPEPSPRE(-.98)","RPVKVYPNVAENE","RPVKVYPNVAENES(+79.97)AEAFPLE","RPVKVYPNVAENES(+79.97)AEAFPLEF","RPVKVYPNVAENESAEAFPLE","RPVKVYPNVAENESAEAFPLEF","RRPVKVYPNVAENESAEAFPLEF","S(+42.01)MEHFRWGKPV(-.98)","S(+42.01)YSMEHF","S(+42.01)YSMEHFRWGKPV(-.98)","SAEAFPLEF","SMEHFRWGKPV(-.98)","SYSMEHF","SYSMEHFRWGKPV(-.98)","TPLVTLF","TPLVTLFKNAIIKN","Y(+42.01)GGFM(+15.99)TSEKSQTPLVTLF","Y(+42.01)GGFMTSEK","Y(+42.01)GGFMTSEKSQ","Y(+42.01)GGFMTSEKSQTP","Y(+42.01)GGFMTSEKSQTPL","Y(+42.01)GGFMTSEKSQTPLV","Y(+42.01)GGFMTSEKSQTPLVT","Y(+42.01)GGFMTSEKSQTPLVTL","Y(+42.01)GGFMTSEKSQTPLVTLF","Y(+42.01)GGFMTSEKSQTPLVTLFKNAIIK","Y(+42.01)GGFMTSEKSQTPLVTLFKNAIIKN","Y(+42.01)SMEHFRWGKPV(-.98)","YGGFMTSEKSQTPLVT","YGGFMTSEKSQTPLVTL","YGGFMTSEKSQTPLVTLF","YGGFMTSEKSQTPLVTLFKNAIIKN","LPGLLLF","LPHLPGLLLF","TPLPELFDRVVML","F(+42.01)PAMPLSSLFANAVLRAQHLH","FPAM(+15.99)PLSSLFANAVLR","FPAM(+15.99)PLSSLFANAVLRAQH","FPAM(+15.99)PLSSLFANAVLRAQHLH","FPAMPLS","FPAMPLSS","FPAMPLSSL","FPAMPLSSLF","FPAMPLSSLFA","FPAMPLSSLFAN","FPAMPLSSLFANA","FPAMPLSSLFANAVLR","FPAMPLSSLFANAVLRA","FPAMPLSSLFANAVLRAQ","FPAMPLSSLFANAVLRAQH","FPAMPLSSLFANAVLRAQHLH","FPAMPLSSLFANAVLRAQHLHQ","FPAMPLSSLFANAVLRAQHLHQL","FPAMPLSSLFANAVLRAQHLHQLA","FPAMPLSSLFANAVLRAQHLHQLAA","FPAMPLSSLFANAVLRAQHLHQLAAD","GPVQFLSRIF","PVQFLSRIF","SPRIGQILK","SPRIGQILKQ","TDMELLRF","ASLDKFLASVSTVLTSKYR","FLASVSTVLTSKYR","SLDKFLA","SLDKFLASVSTVLTSKYR","SVSTVLTSKYR","TPAMHASLDKFLASVSTVLTSKYR","VHLTDAEKAAVN","VHLTDAEKAAVNG","AAFQKVVAGVASALAHKYH","AFQKVVAGVASALAHKYH","AQAAFQKVVAGVASALAHKYH","ASALAHKYH","GVASALAHKYH","QAAFQKVVAGVASALAHKYH","VHLTDAEKA","GPNLVARSKEALA","AKVAVLGA","SNRVVDLMAYMASKE","VKVGVNGF","VKVGVNGFGRIG","PHFLYPK","SQENPNTYSEDLDV","YGGFLRKYP","YGGFLRKYPK","YGGFLRRI","YGGFLRRQFKVVT","MDQLAKELT","MDQLAKELTAE","WSRMDQLAKELT","WSRMDQLAKELTAE","NQEQAEQGREHL","Q(-17.03)ELGKLTGPSNQ","SVFQELGKLTGPSNQ","YEENSRENPF","YKVNEYQGPVAPSGGFFLFRPRN(-.98)","Q(-17.03)EPGAPAAGM","Q(-17.03)EPGAPAAGM(+15.99)","A(+42.01)AYKLVLIRH","A(+42.01)AYKLVLIRHGE","SVNPYLQ(-.98)","SVNPYLQGKRLDNVV","SVNPYLQGKRLDNVVA","SVPHFSEEEKEPE","VPHFSEEEKEPE","IKMALQQEGFD","PMFIVNTNVPRA","TAYAIYMLAMAAFPKKQN","SAVISLEGKPL","FPKPEGSQD","FPKPEGSQDKSLHN","SLKPEFVDIINAKQ","GRTLYGFGG","RTLYGFGG","TLYGFGG","MQIFVKTL","LLRALASSNARAQQ","AVDQDLGPEVPPENVL(-.98)","LENSSPQAPA","LENSSPQAPARRLLPP","SLSAASAPLAETSTPL","SLSAASAPLAETSTPLRL","SSEPEAAPAPRRL"
"1","Pituitary_08",1,11600,5260,20800,38200,9910,24500,7340,7350,73700,116000,446000,17400,17000,17600,20400,5670,19700,2510,80600,34100,4810,33530,34800,40100,86700,20400,1430,10200,496000,65500,10900,35800,1530000,45300,24900,6550,14300,11177.7777777778,18900,146000,81100,536000,72700,3730,93200,2030000,5340000,1350000,4540000,90200,438000,7e+05,5050000,62300,308000,9400,934000,32600,40400,87300,114000,119000,37600,240000,47877.7777777778,731000,303000,196000,95200,428000,390000,52100,55380,19600,15600,22500,51700,12200,33200,18400,40100,39600,2040000,177000,151000,207000,147000,280000,174000,257000,138000,127000,361000,578000,356000,406000,552000,370000,976000,23700,13400,15300,174000,67000,16600,5920,96300,144000,89400,37900,36800,42400,110000,70400,45700,15700,55300,52500,1970,30500,12800,14500,19200,15000,42900,20900,124000,61300,141000,169000,48800,23900,19400,33300,9660,69400,62800,23300,87100,227000,8230,10100,26300,57900,35100,178000,32000,5490,135000,54800,42200,24500,7290,66200,17600,62100,47100,103890,35700,16500,90780,11900,120000,188000,141000,36000
"2","Pituitary_02",1,1940,7384.44444444444,4490,19900,11500,13700,2420,3090,46144.4444444444,65300,248000,11872.5,5940,13300,14300,3080,11300,1550,62700,54300,5080,35800,73000,52600,126000,22000,22100,8670,603000,49300,3870,9450,531000,43800,7020,3210,3580,2830,6300,82600,53000,221000,35500,1360,25600,612000,1650000,634000,2090000,58240,273000,629000,5330000,30900,463000,7180,466000,24600,12000,2030,28400,63800,8460,113000,25400,305000,96900,25800,21900,161000,140000,18500,24300,21848.8888888889,19416,34400,64700,7980,64100,21300,128000,106000,4690000,663000,439000,519000,609000,878000,524000,863000,220000,89600,1390000,2200000,1290000,1290000,1660000,1300000,1880000,31000,13300,17600,112000,33700,113000,47400,60900,745000,393000,199000,61600,44800,431000,316000,44750,27800,101000,205000,7450,68700,8320,31800,26300,34100,17100,9810,166000,49500,165000,262000,24900,34400,23885.7142857143,21514.2857142857,6640,73700,93700,10300,111000,184000,4920,25000,46700,76200,54500,147000,9800,8040,105000,95900,43000,39300,3470,29600,59500,120000,62600,195000,92700,7020,109000,13100,137000,164500,72700,22800
"3","Pituitary_19",1,46900,27000,114000,257000,47500,58400,22700,36400,159000,261000,1060000,80100,17500,40800,63200,16400,15255.5555555556,5138.88888888889,113432,29733.3333333333,3755,28166.6666666667,36133.3333333333,44598,80677.7777777778,19133.3333333333,15255.5555555556,12024.4444444444,449770,11600,13100,9160,1340000,5730,32700,13500,2500,3530,10204,70188.8888888889,58430,17600,44828.5714285714,2550,58144.4444444444,151000,190000,155000,188000,31300,16100,33800,355000,2820,49800,15200,328000,938,18050,339,55260,44175,6120,104777.777777778,8490,31800,35800,1290,13326,50580,10000,86800,2e+05,8370,15992.2222222222,3460,16192,346353,6030,4620,6580,17332.2222222222,892000,248000,222000,77200,236000,359000,182000,48200,1490,476,22100,27100,15400,7310,7460,7670,6780,35615.5555555556,24833.3333333333,14324,3110,302750,5785,7863.33333333333,11300,1420,44700,14607.5,35400,23600,76158.8888888889,75100,31683.3333333333,9950,34500,41366.6666666667,1050,27000,1690,10924.4444444444,26900,8110,3530,8090,10300,57388.8888888889,113610,133888.888888889,28400,38900,16100,35200,8540,69700,84700,59000,35900,404000,16800,13398.5714285714,8110,190000,78500,419000,81200,82000,24800,20700,17920,13400,26400,352000,9800,81300,53600,62200,25700,1900,141000,18400,224000,434000,235000,12600
"4","Pituitary_29",1,1070,4340,5690,95000,6500,8320,4602.5,3658.16666666667,37428.5714285714,32500,94800,8840,2300,19387.1428571429,4970,1300,16300,983,25000,67500,5051.42857142857,39800,13500,46900,161000,9180,15271.1111111111,1400,197000,35000,2500,9270,379000,101000,6030,849,8360,4790,11200,74300,55500,119000,31500,951,81800,907000,2020000,806000,2480000,50166.6666666667,115000,479000,1430000,298000,221000,6430,151000,154000,61500,15405,324000,314000,16365.7142857143,62500,35975,215000,123000,59400,11700,79500,85300,4640,10800,14881.25,20975,13000,21900,2780000,42500,12100,56590,17700,5680000,415000,305000,588000,439000,762000,411000,686000,3e+05,234000,906000,1180000,669000,828000,1060000,546000,3450000,86400,45800,43800,712000,422000,21200,12607.5,469000,228000,167000,8790,43100,48500,139000,21100,42000,36600,94800,66700,1920,95000,26400,80700,61800,34300,17900,12400,42100,20500,50200,15200,34000,25485.7142857143,19933.3333333333,21975,6566,46700,1970,5250,72912.5,109000,4926.25,30200,119000,24000,31870,117500,17200,6210,681000,310000,128000,60200,3030,28400,95900,115000,125000,864000,105000,10007.5,88500,4010,9290,112000,25300,35100
"5","Pituitary_04",1,9280,9240,14622.5,50366.6666666667,30300,18074.4444444444,8470,3655.8,37514.2857142857,69400,125000,66300,12500,13000,21700,9270,15200,3850,58900,35100,4190,35087.5,26800,101000,76900,14200,9900,9677.77777777778,186000,27300,7580,22100,1150000,57200,24700,7130,9620,14600,9598,66220,68200,5110,9510,1690,64688.8888888889,432000,3920000,146000,1090000,49150,72600,186000,1330000,179000,185850,4110,40300,58000,16100,53800,69000,63100,15800,113000,39400,170000,224000,339000,10200,102000,46500,9170,30500,13500,21971.4285714286,84300,55000,175000,26219,26200,23500,48790,9430000,359000,418000,998000,1060000,1770000,794000,562000,201000,157000,354000,88900,71700,18200,36800,17600,123000,51600,63200,67300,974000,730000,24875,3750,806000,10100,89500,55998.5714285714,51600,42862.5,149580,21900,37842.8571428571,21000,66500,16000,4660,23700,39500,9360,26000,10800,5870,24000,48700,21300,40700,109150,30416.6666666667,25342.8571428571,32800,22066.6666666667,15600,58400,51900,16100,75571.4285714286,145000,4775.71428571429,7360,25900,77700,23800,93800,12500,8690,3040,70200,59800,55100,12900,55500,23300,69400,85700,576000,19000,9811.42857142857,183000,20900,78600,305000,139000,79000
"6","Pituitary_11",1,2760,3510,7670,12600,6420,6980,1480,784,49022.2222222222,30200,108000,31700,255,2990,3130,1940,5410,2650,59800,5030,1490,8850,17300,3870,20800,10900,7830,3800,235000,11200,8040,19500,663000,9930,12600,426,95,6310,1600,2590,22100,94600,60900,1530,6590,803000,6300000,290000,2070000,40900,27300,419000,821000,11800,89500,3660,99200,6060,1860,128000,6740,7570,27000,298000,93000,747000,533000,1560000,104000,617000,57200,14200,25900,36300,13100,3970,5810,7770,29600,14400,61200,55000,670000,125000,160000,103000,291000,526000,3540,297000,36400,66000,293000,559000,321000,367000,446000,378000,404000,6202.42857142857,3389.66666666667,4096.57142857143,4370,9865,19000,5400,5620,169000,36900,63700,13600,5820,30400,28100,19800,3590,14800,21500,89,6490,867,6700,7640,2280,8770,19082.2222222222,44500,8180,42100,54400,1870,12000,3360,11600,575,8940,22300,2370,13200,63700,3570,5670,3420,26400,14600,57900,6870,4770,33700,16100,10300,7420,2150,24200,2940,19600,10700,49100,13000,5320,56100,5520,23400,151000,68500,2090
"7","Pituitary_34",1,28000,12000,30800,30200,26400,40800,8860,14800,111000,196000,654000,32800,18000,20300,47400,9000,33300,2250,138000,21751,3390,34900,72600,22000,49800,14100,24900,10200,523000,45800,17600,50300,3020000,6330,44600,13400,14700,48100,13800,150000,130000,703000,440000,16200,65900,3120000,7230000,2600000,5990000,78000,229000,472000,7160000,19900,726000,6600,1640000,10600,7270,39000,19900,47600,56500,389000,115000,889000,519000,251000,88900,486000,493000,43400,42400,45725,10100,2290,15800,35751.6666666667,30500,1400,30363.3333333333,5590,502000,97800,44100,24800,19600,59200,219840,34900,5790,8190,52600,99200,85000,50100,60900,53800,81700,9036.66666666667,5412.71428571429,731,7090,25791.6666666667,32067,18961.1111111111,1990,204420,8520,65635.5555555556,6050,5600,2020,64690,28497.7777777778,14563.3333333333,6460,33564,2217.7,5550,1570,422,3110,1400,52600,17100,229000,121000,2e+05,260000,31200,50600,54400,89200,21300,73500,62900,47100,160000,359000,11700,6887.14285714286,14403.3333333333,116000,78000,302000,56700,24400,70400,1350,4690,16538.75,14600,156000,11343.8,51110,8780,50000,12000,24200,164000,23600,262000,377000,220000,20500
"8","Pituitary_06",1,6210,6737.77777777778,19200,65400,22000,14300,4550,4119.83333333333,52500,109000,276000,27100,12800,26400,34100,3090,23000,4260,89700,60700,6470,77400,24500,73000,145000,25400,15800,14400,535000,46300,4610,18800,808000,86500,19000,2330,13900,19900,16500,11300,87700,298000,43100,5240,133000,1580000,3570000,1060000,3180000,73875,286000,731000,4700000,291000,30200,15300,480000,138000,94900,38900,272000,210000,33100,420000,120000,812000,516000,359000,91000,399000,236000,150000,63500,21800,35200,54000,62900,324000,26000,16500,47400,29600,7900000,465000,417000,907000,402000,979000,438000,571000,495000,148000,572000,658000,432000,421000,641000,47700,1920000,101000,90200,56000,1080000,612000,18400,17286.6666666667,793000,130000,156000,84348.75,84200,88100,153000,124000,25900,34400,107000,55500,3460,89600,33400,37100,47200,29500,38400,12000,79700,51800,83400,111000,58500,37900,23900,24920,3820,50316.6666666667,50100,20000,73025,163000,1810,35100,73800,154000,17200,154000,10900,7906,178000,262000,104000,89200,9140,41300,164000,165000,142000,837000,130000,10797.5,164000,9830,77400,238000,112000,81100
"9","Pituitary_18",2,12507.7777777778,9243,29288.8888888889,71422.2222222222,5820,27372.2222222222,7624.44444444444,8850,57070,101820,328020,17384.2857142857,14151.1111111111,26997.1428571429,27966.6666666667,5717,14354.4444444444,4912.5,1920,29187.5,3985,28437.5,32741.1111111111,2980,75855.5555555556,17604.4444444444,14115.5555555556,10528.8888888889,19700,18100,563,2950,96400,60200,1270,98,1100,8880,9640,63211.1111111111,26700,20400,48450,393,14600,1e+05,516000,487500,260000,41140,170740,58800,141000,253000,175060,9308.88888888889,31800,92100,21800,10400,61000,44175,12571.25,106475,21527.1428571429,96000,66100,30754.4285714286,13326,26400,155860,52387.5,47487.5,10300,16775,67500,65300,3150000,10224,4689,25031.1111111111,20332.2222222222,2480000,160900,25900,298000,49000,114000,44500,116000,50300,15500,26400,79700,97790,74400,110000,59200,278000,202000,118000,21700,1100000,1130000,10151.6666666667,7558.75,1020000,58452,104400,12506,38490,32785.7142857143,81247.7777777778,72644.4444444444,32800,23238.8888888889,3420,40022.2222222222,4728,31150,5320,10910,13300,13791,7930,6544.28571428571,102550,51243.3333333333,24100,125411.111111111,32100,32280,19440,24020,9157,49100,22791.1111111111,18061,64600,1780,7507,18800,34200,75360,36420,160340,30411.1111111111,19602.2222222222,41200,52100,34500,3830,10794.4444444444,1400,12221,63780,34700,847000,29360,11003.3333333333,69657.1428571429,18960,124466.666666667,190666.666666667,89360,22420
"10","Pituitary_16",2,7060,6130,9470,23300,17582,11400,3290,4970,77714.2857142857,75100,265000,76100,9590,7540,8870,5300,20200,2270,54800,3560,1010,9490,62450,9800,15400,16200,9750,9590,391000,95600,10000,26000,1260000,44600,19900,11000,9150,15700,6450,85700,32400,227000,230000,4670,26900,3050000,15100000,1080000,6520000,45700,96500,518000,3880000,12300,301000,10700,726000,20657.1428571429,4560,288000,12100,10600,70000,444000,150000,1110000,1070000,1500000,230000,1040000,184000,77000,59200,203000,131000,5220,38600,8950,30300,21100,39000,48300,427000,36600,78300,78000,156000,302000,486060,226000,25800,51000,214000,280000,207000,199000,237000,194000,232000,8120,1150,650,11500,9240,28425,13020,4100,4990,2640,5920,2500,21835,45748,46225,1780,12898.75,3710,24657.7777777778,255,2100,972,1680,4030,8922,12300,20500,73700,12700,102000,93200,15600,26400,25500,47500,6470,54600,42600,19600,81200,209000,21900,7625,2130,33400,40900,118000,14800,8180,42500,6190,19600,16270,6060,41100,11025.7142857143,10800,12500,73100,10600,4480,226000,9680,90300,210000,231000,4380
"11","Pituitary_31",2,11300,7020,13400,56700,10100,29900,6160,908,53500,90900,296000,11900,12900,19700,18500,3850,40400,5770,246000,20300,5060,49500,72300,28000,79300,33900,18800,28700,862000,11900,13500,27800,1610000,23200,29800,4320,7880,5880,8440,91900,71800,356000,99237.5,4150,26600,1330000,3690000,969000,2800000,1e+05,306000,693000,5060000,26800,167000,10500,554000,7120,5110,9550,54617,19700,34300,224000,42900,581000,307000,98000,107000,322000,191000,66500,49300,15900,31654,4730,11600,7350,8680,4030,17500,29700,559000,138000,112000,110000,180000,298000,151000,218000,46600,74900,304000,536000,275000,286000,378000,341000,283000,2580,989,595,5860,134527.142857143,46100,25300,1220,336000,169000,154000,58700,45100,1e+05,86000,29100,19900,65500,48700,3820,32200,3340,19300,14100,15800,36900,36500,140000,43400,109000,120000,11700,20700,7470,20300,6293.33333333333,16400,41100,19300,29800,185000,5630,8584.28571428571,11900,68200,27200,107000,29000,19600,64700,49162.5,15000,13400,5980,96200,6910,69200,50300,115000,26600,12500,67500,8780,85600,156000,76400,12800
"12","Pituitary_36",2,19600,7130,18600,54400,31000,15500,12600,15300,143000,210000,765000,38700,10600,19500,23600,10600,78900,14100,552000,14500,3730,65300,183000,22800,65700,73800,59800,40400,1620000,59000,37700,45300,2160000,18000,26900,5700,10400,27100,7661,7720,82000,127000,68400,2900,39400,1790000,9750000,869000,4450000,64300,131000,1300000,2850000,14600,215000,38500,358000,8270,10137,92400,8380,13000,71600,442000,143000,1640000,630000,608000,124000,510000,192000,63700,174000,71800,35900,2470,4260,13665.7142857143,10500,8430,15800,19300,1030000,296000,239000,132000,290000,594000,349000,255000,35600,127000,203000,303000,175000,157000,201000,214000,215000,8022.42857142857,4589.71428571429,5542,35049,24708,18900,16400,4490,52800,88200,16100,55600,38300,17100,22900,9880,12516,22300,12600,3850,9040,4270,8030,22700,7260,30800,127000,210000,30300,139000,135000,23000,32900,16500,21800,5110,49300,33800,48400,28100,483000,14000,4670,6780,179000,43500,219000,71600,15900,72171.4285714286,27900,22724.4444444444,10100,5200,53100,5500,47800,23200,57200,18400,27600,157000,22800,159000,498000,369000,10800
"13","Pituitary_07",2,2070,5650,15212.2222222222,21000,9810,19583,4970,4970.42857142857,40342.8571428571,11800,71300,16000,10817.2222222222,9952,13500,5070,13500,3510,76300,31800,4470,26368.75,5070,101000,235000,17100,15480,9727,169000,98800,11000,36800,2100000,59300,39900,2860,6650,11400,9700,66700,46100,79700,98700,24300,126000,895000,6080000,564000,3050000,54375,94000,193000,1640000,156000,139000,4310,306000,48300,35900,24200,92500,78800,26866.6666666667,55200,22200,264000,179000,220000,64600,268000,97900,22600,40428.5714285714,14800,14100,38000,61200,796000,43600,35700,88300,73400,3890000,232000,222000,774000,788000,1380000,815000,1470000,374000,379000,984000,925000,654000,398000,602000,429000,1930000,45100,35600,35300,444000,229000,10300,5420,266000,160000,296000,25500,45500,21125.5555555556,157000,130000,58000,53800,137000,88000,1010,49300,19500,27800,12300,14500,15800,18392.5,26300,33200,49500,49900,19177.7777777778,10000,15960,25655.5555555556,3620,31105,17600,1680,19800,37900,6692.5,12900,66200,23800,16900,61200,19908.75,2560,26800,111000,91800,32200,6611.25,68300,25900,51500,41800,260000,18447.5,8740,58100,10200,13000,104000,21000,45200
"14","Pituitary_22",2,19600,18500,29500,36500,16600,24500,8350,7250,88900,225000,599000,101000,24400,11900,21100,26100,44200,11800,308000,17900,13400,57500,156000,46300,74500,28500,40100,23600,1030000,81600,50900,144000,9040000,220,137000,35300,22500,17500,6970,8270,44800,72000,2e+05,26000,34100,2860000,1250000,1060000,5250000,55100,106000,599000,3190000,42000,161000,23300,463000,6500,1420,83000,15100,10100,60300,257000,91600,1330000,724000,739000,105000,418000,129000,121000,152000,74000,47000,15000,3950,30531.4285714286,15223.3333333333,7450,13300,3800,816000,143000,108000,119000,306000,737000,22300,139000,10900,39100,76400,23100,28200,1910,5070,4650,10800,8956.66666666667,5266.5,8045.66666666667,2830,131296.666666667,25233.3333333333,9320,8080,1690,96000,76971.4285714286,33700,18300,83011.1111111111,1060,32383.3333333333,7880,26700,3530,6700,8840,2710,13113.3333333333,10900,7150,19000,1e+05,116000,28700,49000,27300,56200,64100,50000,65600,51500,86200,111000,35500,51600,425000,14800,3150,3350,95200,88400,304000,68600,24200,82300,7010,15905.5555555556,9120,18500,208000,8330,40300,22900,44700,12100,26900,338000,32400,238000,549000,222000,19100
"15","Pituitary_27",2,24700,20800,41100,34800,23200,44100,9890,17300,124000,277000,802000,67800,28800,19700,33700,14100,28000,14800,290000,9560,4230,29300,132000,11100,35600,42400,56900,19300,1070000,16500,31400,80100,5030000,7950,89200,38000,10100,22900,4530,48100,47000,389000,117000,26000,22900,1590000,501000,998000,4790000,52600,346000,408000,6790000,12300,403000,12400,940000,21992,15553,43300,3290,38500,62900,298000,68800,880000,459000,201000,72500,373000,329000,50500,157000,17641.1111111111,21208.8888888889,3390,17000,41171.1111111111,1690,2920,7730,7420,353000,95700,61300,33500,74600,159000,126000,56800,3300,22600,59500,83600,60400,16200,20300,20200,18800,12910,11755.5714285714,12755,3310,190600,13024.2857142857,2020,8070,82679,9160,38154.2857142857,5730,5170,89044.4444444444,68766,38475,19958,8120,36893,611,4130,504,13267.7777777778,5270,13645,37900,68800,228000,95000,154000,184000,84000,80600,86700,127000,41800,172000,113000,53300,102000,560000,19900,12170,28445,104000,159000,512000,66700,21300,77100,40867.7777777778,1270,22432,16400,257000,12555,22800,11500,38000,8280,35000,329000,52000,499000,857000,484000,21100
"16","Pituitary_25",2,9020,8510,11500,18200,15900,19300,4990,5699.11111111111,53900,125000,206000,63900,11700,12500,12000,13300,15100,4640,127000,4770,1020,19800,36500,32000,42700,11600,11100,8840,352000,15400,14100,39100,2260000,16300,36800,11800,10700,8570,4350,64100,28600,194000,442000,20100,19900,1250000,6210000,659000,3480000,75000,112000,172000,1990000,22300,155000,6174,347000,11734,4480,56100,23900,18800,19900,179000,30200,474000,376000,390000,90600,550000,121000,19900,35488.8888888889,34083.3333333333,25367.5,7810,27300,6730,55400,11863.3333333333,11800,5850,459000,33700,62100,40600,46700,110000,109000,68300,14200,19500,83100,128000,103000,83500,110000,91900,211000,937,3554.83333333333,4465.85714285714,14300,19165,26349,9396.66666666667,10500,7230,5680,66905,4360,4230,5160,50235,24828.8888888889,2980,6720,3420,678,2080,2250,3830,4760,1950,17300,24600,59700,17800,71700,82600,26700,33253.3333333333,26000,38900,16500,40700,34400,12000,148000,131000,11400,2300,6290,33200,32400,116000,15700,5910,56000,34448,17500,12836.25,10600,119000,2900,18400,5190,40600,9880,10400,164000,13413,88000,252000,122000,8820
"17","Pituitary_32",2,5680,3620,19200,45200,6320,30500,4200,5496.33333333333,25900,30400,160000,10600,2710,2380,11600,6860,13100,7410,129000,23700,4458.75,35600,31800,40800,126000,17100,19500,10400,405000,50900,13700,52500,2340000,36100,40100,10600,2010,7180,7630,126000,36800,141000,183955.555555556,18000,21400,1180000,4440000,687000,2140000,42800,110000,298000,2540000,17500,69100,6000,526000,8860,5810,22200,10900,18400,21837.5,122000,30400,311000,242000,151000,54100,297000,58100,35400,17100,12800,18700,5420,9520,58800,10100,21100,108000,66800,545000,96300,82100,143000,296000,534000,321000,367000,28700,117000,390000,673000,360000,334000,455000,361000,528000,3490,2880,6010,25600,50092,69500,23400,27600,526000,229000,255000,68100,56500,174000,149000,64400,36500,104000,101000,828,66800,7820,26700,15700,11900,20400,10400,62100,41800,64600,84600,7130,35008.8888888889,17206,4700,2510,28340,23100,4170,9150,36000,6660,12800,23200,25500,14400,64800,22670,18600,58950,80600,31100,22200,9540,122000,30100,56800,46200,117000,14790,8700,26300,12900,49700,98200,55800,17900
"18","Pituitary_30",2,7310,5710,16300,11300,6720,16400,1480,1520,29900,95800,148000,29300,10217,5330,6100,1790,3180,1910,57100,17743.3333333333,2790,10700,24800,245,11200,9230,11200,7410,257000,16500,10700,32100,1670000,23988.8888888889,30500,1670,6429,6120,2000,97200,13200,171000,54600,7510,13100,1230000,4490000,803000,4070000,63500,70400,128000,2540000,7010,175000,5600,626000,11736,1230,19500,25832.2222222222,495,17100,140000,42500,514000,3e+05,210000,126000,341000,102000,17400,19700,32700,76900,6957.77777777778,6780,40118.5714285714,22813,3070,6880,14800,97200,23500,26500,12100,29900,57400,161888.888888889,40400,2070,20300,70400,125000,96600,56200,83200,59000,40300,5909.625,4662.71428571429,4121.375,39402,55092,11600,2390,48577,26200,6220,13200,6410,4910,8250,10000,23070,730,7490,6040,2109.3,1820,3288.88888888889,10348.8888888889,12396,8588,7410,12600,43300,13000,61900,68100,12500,13800,28600,34900,7600,30200,48600,16500,188000,114000,4800,5467.5,11486,42700,27600,99100,24800,10900,16800,38148,1690,14446.25,918,79500,9871.11111111111,5270,2630,53300,2890,5060,59400,8330,70900,198000,93000,4570
"19","Pituitary_35",3,19200,4650,13000,35200,23200,30100,13200,15200,80300,136000,653000,9220,22500,25000,43600,10200,42100,9940,280000,18300,4651.11111111111,43100,101000,52600,71400,38300,51700,24900,841000,56000,18800,47600,2080000,24500,24500,7150,10300,7040,10000,79700,89100,432000,510000,9510,31500,926000,4860000,704000,4410000,58200,197000,274000,2820000,24800,290000,3630,571000,4030,7310,17200,19300,40100,26600,163000,40875,389000,209000,105000,63300,358000,180000,79900,98400,32485.7142857143,44230,2340,9440,5780,81500,4890,8450,17200,1120000,131000,114000,58800,54400,140000,84500,101000,45800,53700,158000,211000,154000,161000,204000,177000,392000,2870,1810,4160,26000,26292,5040,2430,20100,26600,49100,10800,28900,20000,37800,25200,3390,7770,27300,6810,1400,29400,2610,10200,9070,8030,44700,38900,295000,112000,252000,303000,21400,149000,14500,40000,4050,38900,22900,28700,73900,328000,8490,4650,7510,139000,37900,224000,37800,22200,101000,8540,18000,10500,6840,104000,6740,35900,17600,108000,21400,19200,121000,21800,136000,247000,176000,11800
"20","Pituitary_09",3,7889,2880,18500,49760,4680,3650,4943,4675.44444444444,3800,42800,79200,17600,10758,19132.2222222222,18122,830,7590,5462,20700,29222.2222222222,5310,24566.6666666667,5370,33200,44800,6940,4440,1340,105000,145000,4570,5640,313000,134000,4300,323,6450,2050,12000,33700,18700,104000,75300,4931.66666666667,76200,672000,2580000,329000,1520000,43960,43300,236000,1370000,261000,15800,3690,323000,103000,52400,65100,131000,39300,14803.75,119230,26525,153000,90800,189000,30161.25,102000,97600,53200,23640,12282.2222222222,19180,78900,119000,289000,27000,17700,77500,37900,3060000,158000,98700,304000,148000,270000,142000,246000,183000,106000,271000,379000,193000,377000,533000,365000,1370000,95400,62100,16800,489000,155312.222222222,28500,7534,879000,150000,93000,4100,53600,26800,141000,62600,14800,15900,76100,31400,1100,22300,9360,8360,10800,10500,8220,4150,37200,9190,47400,67700,25785.7142857143,28312.5,18702.5,20657.1428571429,2840,40933.3333333333,23978.8888888889,3710,72350,76200,3630,8340,78500,33400,25500,58400,22220,11047,75871.4285714286,159000,79000,22400,6991.11111111111,15200,10300,35400,28400,442000,20200,10758,66100,14304,104600,166000,17100,30500
"21","Pituitary_05",3,9080,3200,9570,37000,29500,14800,4290,2860,37300,97100,219000,27200,14100,16400,26200,10400,16600,4630,73400,69200,19000,62100,65800,125000,269000,11400,17300,5660,401000,140000,13600,68800,3350000,63000,49700,32300,20800,25300,13600,7190,76500,167000,81600,10096,106000,2210000,10500000,977000,3390000,27100,281000,1250000,6720000,150000,165000,33200,953000,68500,30400,86800,66800,120000,32300,248000,94700,1030000,490000,497000,124000,579000,161000,54400,68800,61600,37500,92900,86900,30400,10600,77200,163000,60200,4110000,550000,464000,838000,1200000,2060000,1180000,1250000,265000,330000,754000,473000,293000,159000,249000,235000,493000,12800,10200,14700,91500,45100,30500,39200,84600,561000,634000,50200,123000,60500,99800,87100,29500,35200,144000,39900,21700,65200,5609.9,41800,24400,28400,25200,29900,106000,48000,80600,102000,44800,47400,38600,53400,34500,78800,95600,24800,35100,211000,5800,22300,47200,54000,71700,250000,31700,4410,75862.5,79400,49600,48300,10500,133000,34000,115000,93600,283000,71800,13500,203000,21100,139000,268000,128000,55200
"22","Pituitary_10",3,8060,5250,16900,43200,18100,22100,4880,2940,73700,104000,372000,16285.5555555556,9240,6680,27100,3450,16200,3970,125000,50100,6570,52900,107000,59400,131000,26100,17400,11500,580000,87400,7810,38000,1330000,49000,22300,3500,11500,19600,23800,153000,142000,412000,95300,10600,61600,1740000,3910000,1460000,3980000,107000,272000,1780000,5960000,111000,370000,49600,1170000,92900,23000,30400,93700,144000,29000,322000,81900,520000,556000,621000,24500,306000,211000,139000,55400,76300,9910,16700,33300,73700,48200,13400,57600,66700,2470000,370000,264000,248000,313000,624000,24400,535000,125000,164000,695000,1210000,624000,726000,1040000,724000,1470000,11900,9990,7600,75100,22700,106000,55300,48900,836000,336000,249000,65100,61000,309000,2e+05,99700,27800,97600,98800,2420,85500,9650,34500,31100,27600,45000,20322.2222222222,160000,63200,155000,289000,28652.2222222222,29277.7777777778,21097,25100,1430,44655.5555555556,27100,13600,68100,192000,9080,15800,31600,38400,35400,173000,11300,13800,125000,112000,59300,35700,7550,71600,38100,114000,89800,223000,69900,13100,82100,15200,97400,168000,78400,19300
"23","Pituitary_12",3,5040,12600,16100,26000,10500,27600,2790,959,33200,74700,161000,25100,14100,6030,17000,8790,6210,4470,71100,28900,6890,34500,15900,102000,165000,14600,12900,9390,338000,20800,6870,39200,1780000,14900,34100,8290,9570,9239,5040,81500,26100,130000,67400,9122.85714285714,26000,433000,3800000,327000,1980000,47633.3333333333,75500,251000,2640000,43400,58500,10600,558000,8990,11300,6870,14500,28300,13668.5714285714,51900,13300,257000,111000,20600,30700,131000,81400,36400,16700,12500,18000,31800,56300,13000,30300,47400,111000,120000,2570000,258000,211000,355000,567000,1210000,668000,780000,36600,152000,985000,1160000,738000,372000,503000,319000,679000,19700,12400,12200,95300,29800,18900,15900,32900,263000,216000,89200,65500,36177.7777777778,152000,121000,47600,26400,104000,61600,3970,41300,8830,20000,18600,16400,12900,4290,76900,49900,87600,93000,26300,23300,24300,29900,15100,18600,53900,7270,105000,110000,5246.66666666667,13000,45300,41700,37900,94400,12800,7910,28900,9220,41000,22000,7870,124000,35300,51000,43800,116000,23138.8888888889,8230,40900,13200,96900,136000,58400,49700
"24","Pituitary_13",3,5760,5570,8340,7990,5390,22000,2660,1740,61962.5,63900,212000,22400,7540,218,15100,6840,6610,4010,88400,10100,3600,27400,33800,36100,55200,8140,16600,8050,336000,72500,10300,50600,2420000,23947.7777777778,37300,13100,7130,12800,5110,94300,32200,155000,33900,20300,16700,1410000,7210000,458000,2710000,43400,107000,368000,3080000,12000,46900,12600,941000,11470,1630,127000,3020,9150,29377.7777777778,124000,49800,415000,296000,369000,59100,316000,59000,34100,31600,83200,47600,17500,63700,19263.3333333333,16900,36800,93000,88900,554000,91700,98300,161000,383000,547000,377000,530000,133000,358000,468000,669000,385000,508000,668000,612000,925000,5860,1630,2950,11700,2760,14400,5840,2030,96400,47300,33800,18600,14300,32000,29400,12200,7490,31300,20000,1170,14900,3370,4940,6460,6250,12000,31605.5555555556,56600,40000,74400,83200,18600,8380,20400,29300,22500,29300,24600,9010,69900,106000,8080,2280,9910,25000,38300,97800,13600,6100,32800,34173.3333333333,16800,9780,5080,89700,9047.5,26600,26100,50500,14100,10200,109000,14000,96800,184000,55000,16900
"25","Pituitary_28",3,9510,8730,20400,99300,23400,15300,1100,5939.77777777778,60800,86000,291000,21200,2180,13800,12800,868,10200,702,72600,31600,8270,28800,74700,7950,63200,21500,15200,17700,556000,81200,8220,14100,733000,42700,7270,895,1730,10376.6666666667,12900,67700,40100,250000,85800,1880,80900,1220000,4030000,1110000,4920000,74825,252000,456000,4670000,131000,198000,23100,988000,8770,43900,3390,84200,65300,19900,259000,51700,1100000,239000,20300,218000,534000,157000,159000,44100,22900,164000,3320,7590,107000,9850,6010,9280,20600,1450000,89400,123000,105000,97500,187000,129000,114000,51100,30100,172000,261000,170000,181000,228000,128000,307000,10100,7610,7670,105000,54800,34600,17900,199000,155000,73000,63013.3333333333,32700,27700,96300,75700,37212.5,8640,43200,36900,717,41200,2950,8740,28200,14600,37300,39500,80300,15100,69600,133000,9670,22700,16800,32000,6061.11111111111,28200,74600,11000,71200,279000,5780,6690,19700,67600,11800,118000,12500,11300,92200,49000,42900,26000,1430,45200,20100,54900,58000,283000,15700,13200,78000,3500,70200,199000,126000,7820
"26","Pituitary_03",4,10300,5500,12700,23600,10700,25900,6140,4490,38700,53100,166000,19800,9230,9370,23400,8690,10100,11500,178000,14200,4550,31500,33200,29800,59600,17800,26000,14500,465000,5510,16000,40100,2160000,20000,52200,12900,5900,4410,5320,110000,28400,305000,41800,18400,16200,626000,4120000,401000,2320000,58800,251000,153000,3830000,31831,91600,2940,298000,18951.25,2870,9104,4880,8690,12800,129000,39500,311000,252000,34800,58700,298000,102000,13800,19200,40300,11600,6150,39600,66053.75,2730,1830,9040,12900,333000,62000,86700,75400,158000,228000,177000,216000,33100,78200,294000,368000,194000,184000,258000,196000,171000,12680,8287.375,1460,9700,161578,78400,11300,6750,176000,88500,89400,49700,35300,82100,82600,37600,21100,96000,49000,6930,39700,1760,2940,6010,3850,29000,7550,70600,41800,83900,90100,7520,21000,8820,33800,6280,18800,40500,5730,53800,95900,2090,9221.42857142857,3230,29600,21600,119000,14400,5350,64271.4285714286,48334.2857142857,7600,17676.6666666667,7650,159000,3310,27100,18600,56700,7050,16600,44900,18700,83900,147000,72100,10900
"27","Pituitary_21",4,3020,4350,7000,10900,11200,17600,2080,3440,25800,57200,152000,17800,2750,4330,11500,4770,7270,3580,62400,14700,3760,19400,14600,23600,52900,10400,6690,4560,290000,21000,12100,43100,2030000,38800,27400,13700,6660,15000,5190,113000,32300,2e+05,150000,7910,18100,2090000,10800000,732000,4960000,30400,167000,660000,5430000,20600,126000,9310,932000,9570,7360,31700,16700,23200,39500,123000,84833.3333333333,572000,482000,271000,103000,570000,143000,54877.7777777778,19300,48300,34600,20000,66400,8480,49400,27100,97700,83100,1330000,237000,189000,327000,824000,1410000,882000,1350000,276000,443000,1070000,1550000,873000,964000,1340000,1110000,1490000,3070,3470,3930,12600,6790,41800,12700,1520,235000,67400,59500,22600,14000,59200,48500,15900,19300,31500,24900,3360,18400,1290,11100,7400,8260,13700,36900,74500,33100,83100,98900,14200,15400,16000,30600,8320,43400,26300,9770,87100,112000,3900,8792.85714285714,14700,31800,33700,92100,15500,6510,36700,32400,25900,20310,6200,87900,7060,39000,17700,59400,18600,6480,128000,12600,71700,163000,56400,15200
"28","Pituitary_26",4,20100,5230,8010,21500,17000,35900,7650,11600,94000,140000,455000,15100,12600,18100,25200,6190,13400,9250,315000,7620,2350,22700,85000,20700,51300,31300,38000,27700,894000,18000,18600,47600,2360000,17800,41000,3100,7640,12300,5870,131000,44500,502000,302000,13900,17800,1010000,5100000,565000,3810000,81400,249000,191000,3770000,10500,283000,4510,584000,12276,1870,4080,7990,9650,27400,165000,40000,425000,363000,148000,39200,195000,286000,76800,22100,32485.7142857143,3940,8610,2630,29675.7142857143,21000,10931.1111111111,33783.3333333333,5780,307000,56900,57400,11100,23300,47800,17500,32600,6440,9190,44700,77100,47400,45100,65700,233942,102000,6647.125,620,786,3360,1890,1830,10785.5555555556,1300,21100,27100,1620,16400,10900,21400,15400,9810,14200,22200,4230,1090,10900,4374.44444444444,4490,4560,4930,39100,29500,142000,64700,140000,192000,16300,13200,7950,26400,4350,22600,17300,14000,44200,233000,11000,3510,2680,62600,19900,124000,30000,7930,72787.5,41028,20429,4490,3670,113000,3290,18400,9760,41800,7690,13900,70000,15900,87600,184000,122000,7860
"29","Pituitary_15",4,3990,7370,8300,18100,17000,11600,2460,1060,30000,60900,132000,43000,7050,4650,6770,1850,9650,5190,77900,18000,3230,16000,28100,17800,32600,12400,7300,5750,256000,9280,7200,22700,799000,27600,13800,5500,5960,4050,3420,41300,21100,150000,54600,3190,6870,1030000,9130000,454000,3160000,48900,129000,464000,2810000,12800,68100,3730,210000,9000,3230,129000,10600,9100,24400,233000,70300,559000,538000,1580000,133000,762000,71500,10300,57200,43185.7142857143,8280,13200,41400,24300,31000,28500,39500,56900,5e+05,111000,106000,360000,968000,1190000,1020000,1510000,369000,572000,875000,1450000,689000,1110000,1530000,1380000,1650000,6920,998,1110,5540,76387.5,73500,11800,2600,304000,54100,128000,18500,11900,47700,40900,14500,7630,33900,24300,3720,20100,1760,6790,6200,3120,11100,13000,52800,19100,61500,75800,6700,8300,11300,22100,2230,14900,8150,4820,71225,112000,5140,4100,2830,23700,17000,55900,9500,4020,66500,17100,17900,6170,3520,49900,11768.8888888889,28200,23500,69000,16800,5480,76800,6960,28500,148000,58500,5740
"30","Pituitary_24",4,25900,14100,38900,33000,23100,49800,9270,15500,143000,289000,602000,37200,18600,25700,39800,8800,15100,4460,198000,16600,10400,41200,138000,27900,61300,40800,46500,29200,894000,40000,15800,35500,1580000,12500,26100,5500,8990,25000,8570,107000,82100,724000,193000,6770,64600,1380000,6600000,845000,5790000,85500,261000,642000,5660000,8660,456000,22600,2470000,26003.3333333333,2830,17200,4640,9920,24500,181000,28600,960000,310000,282000,120000,431000,297000,71860,108000,51800,87300,8810,43700,41206,64000,3880,20400,25900,881000,179000,114000,99800,244000,498000,280000,363000,62600,107000,441000,693000,434000,363000,540000,416000,557000,9501.66666666667,5149.85714285714,1400,7120,25120,12700,6900,41934.4444444444,82700,53600,14900,34900,21300,54100,42500,17700,11300,43300,22800,2380,15300,1440,10600,14600,15300,45500,42200,219000,92700,194000,246000,57500,63800,50400,96800,12700,75800,63100,40100,176000,381000,16700,6545.71428571429,8460,81800,110000,250000,45900,22300,110000,12500,6320,7620,13600,180000,7180,39900,26000,65500,12800,28000,189000,22500,250000,372000,199000,30000
"31","Pituitary_17",4,11300,4540,7440,26500,18400,25800,3270,6970,89400,163000,513000,21300,11700,15700,19200,3420,13400,8000,291000,9690,2500,27500,106000,8340,49000,58000,39200,81500,1730000,24900,6760,23900,975000,11000,19200,4920,5920,7450,4870,165000,41000,781000,112000,5060,18100,1200000,4970000,828000,3020000,90200,426000,382000,6790000,5750,344000,16900,2580000,27602.8571428571,2390,13300,51156.6666666667,3690,24200,168000,54000,506000,291000,178000,133000,446000,296000,50400,106000,59200,91000,8662.22222222222,9800,57790,9540,7278.88888888889,6440,5640,354000,89100,90300,34200,85200,163000,107000,141000,17600,53600,164000,289000,183000,153000,226000,183000,188000,12478.5714285714,7545.57142857143,188,83414,1570,37100,27800,6570,155000,64800,46900,18700,11300,85400,60300,25300,6460,28000,27400,1170,25600,449,4190,2550,4550,44200,16600,160000,50900,209000,215000,10200,30000,17600,78500,2640,38300,57300,16600,71700,156000,6650,2790,18188,19900,45500,223000,20300,7670,70200,47348.5714285714,27535.5555555556,18356.6666666667,4290,76800,958,29900,22000,42100,7260,16700,86900,7130,141000,237000,154000,6950
"32","Pituitary_23",4,8300,7590,32000,57600,15600,19600,5610,7700,55300,122000,248000,21700,14500,18200,9420,3770,17300,7440,212000,17024.4444444444,9410,25700,43700,13000,27900,20700,22000,14600,568000,54000,11700,23300,1350000,10900,26000,9820,4270,7717.77777777778,2440,20500,36700,144000,120000,2130,7690,725000,4130000,501000,2990000,35600,53800,132000,843000,14800,96100,2900,261000,14456.6666666667,1260,22900,13300,15300,25700,231000,38500,589000,411000,201000,109000,397000,90900,19700,36100,22166.6666666667,15500,7720,21800,9870,14500,2250,40252.2222222222,4530,578000,57800,57600,53500,77500,167000,175837.777777778,84400,20300,16400,75400,117000,69800,105000,135000,3520,115000,3640,8218.33333333333,6822.28571428571,16500,5010,1020,2590,9270,20000,86670,9630,12800,8180,15900,6250,1460,4390,11700,5110,1200,7610,2470,10717.7777777778,17100,7570,17100,30900,62300,14300,104480,74600,15100,37300,8420,21100,7038.5,28100,29086,18900,43500,203000,5000,2720,5640,90200,38700,120000,31000,16800,83800,12200,11500,10400,6056.8,79700,4590,23300,28100,109750,16500,8520,114000,16300,85600,253000,118000,10100
